Workbook
Name DataSM: #REF!

Sheet Арсеналски
A1: Обект | B1: СМ Арсеналски | E1: C:C | F1: =SUM(C:C) -> -21745.509 | G1: 03,01,2026/11,15ч
A2: Брой съвпадения | B2: =COUNTIF(data!D:D,B1) -> 92 | E2: Начално с-до | F2: 102483.53
A3: Дата | B3: Артикул | C3: Стойност | D3: Забележка | E3: САЛДО | F3: =F1+F2 -> 80738.021
A4: {=IF(ROWS(A$4:A4)<=$B$2,INDEX(data!C$3:C$106299,SMALL(IF(data!$D$3:$D$106299=$B$1,ROW($A$2:$A$99132)-ROW($A$2)+1),ROWS(A$4:A4))),"")} -> 44557 | B4: {=IF(ROWS(B$4:B4)<=$B$2,INDEX(data!A$3:A$106299,SMALL(IF(data!$D$3:$D$106299=$B$1,ROW($A$2:$A$99132)-ROW($A$2)+1),ROWS(B$4:B4))),"")} -> MYPOS Бакалия | C4: {=IF(ROWS(C$4:C4)<=$B$2,INDEX(data!B$3:B$106299,SMALL(IF(data!$D$3:$D$106299=$B$1,ROW($A$2:$A$99132)-ROW($A$2)+1),ROWS(C$4:C4))),"")} -> -0.01 | D4: {=IF(ROWS(D$4:D4)<=$B$2,INDEX(data!E$3:E$106299,SMALL(IF(data!$D$3:$D$106299=$B$1,ROW($A$2:$A$99132)-ROW($A$2)+1),ROWS(D$4:D4))),"")}
A5: {=IF(ROWS(A$4:A5)<=$B$2,INDEX(data!C$3:C$106299,SMALL(IF(data!$D$3:$D$106299=$B$1,ROW($A$2:$A$99132)-ROW($A$2)+1),ROWS(A$4:A5))),"")} -> 46025 | B5: {=IF(ROWS(B$4:B5)<=$B$2,INDEX(data!A$3:A$106299,SMALL(IF(data!$D$3:$D$106299=$B$1,ROW($A$2:$A$99132)-ROW($A$2)+1),ROWS(B$4:B5))),"")} -> ЗАЕМ | C5: {=IF(ROWS(C$4:C5)<=$B$2,INDEX(data!B$3:B$106299,SMALL(IF(data!$D$3:$D$106299=$B$1,ROW($A$2:$A$99132)-ROW($A$2)+1),ROWS(C$4:C5))),"")} -> 10001.16 | D5: {=IF(ROWS(D$4:D5)<=$B$2,INDEX(data!E$3:E$106299,SMALL(IF(data!$D$3:$D$106299=$B$1,ROW($A$2:$A$99132)-ROW($A$2)+1),ROWS(D$4:D5))),"")} -> Салдо скл + вътр. п-не
A6: {=IF(ROWS(A$4:A6)<=$B$2,INDEX(data!C$3:C$106299,SMALL(IF(data!$D$3:$D$106299=$B$1,ROW($A$2:$A$99132)-ROW($A$2)+1),ROWS(A$4:A6))),"")} -> 46027 | B6: {=IF(ROWS(B$4:B6)<=$B$2,INDEX(data!A$3:A$106299,SMALL(IF(data!$D$3:$D$106299=$B$1,ROW($A$2:$A$99132)-ROW($A$2)+1),ROWS(B$4:B6))),"")} -> КАСОВА КНИГА | C6: {=IF(ROWS(C$4:C6)<=$B$2,INDEX(data!B$3:B$106299,SMALL(IF(data!$D$3:$D$106299=$B$1,ROW($A$2:$A$99132)-ROW($A$2)+1),ROWS(C$4:C6))),"")} -> -766.939 | D6: {=IF(ROWS(D$4:D6)<=$B$2,INDEX(data!E$3:E$106299,SMALL(IF(data!$D$3:$D$106299=$B$1,ROW($A$2:$A$99132)-ROW($A$2)+1),ROWS(D$4:D6))),"")} -> банка 02.01
A7: {=IF(ROWS(A$4:A7)<=$B$2,INDEX(data!C$3:C$106299,SMALL(IF(data!$D$3:$D$106299=$B$1,ROW($A$2:$A$99132)-ROW($A$2)+1),ROWS(A$4:A7))),"")} -> 46027 | B7: {=IF(ROWS(B$4:B7)<=$B$2,INDEX(data!A$3:A$106299,SMALL(IF(data!$D$3:$D$106299=$B$1,ROW($A$2:$A$99132)-ROW($A$2)+1),ROWS(B$4:B7))),"")} -> MYPOS Бакалия | C7: {=IF(ROWS(C$4:C7)<=$B$2,INDEX(data!B$3:B$106299,SMALL(IF(data!$D$3:$D$106299=$B$1,ROW($A$2:$A$99132)-ROW($A$2)+1),ROWS(C$4:C7))),"")} -> -1969.27 | D7: {=IF(ROWS(D$4:D7)<=$B$2,INDEX(data!E$3:E$106299,SMALL(IF(data!$D$3:$D$106299=$B$1,ROW($A$2:$A$99132)-ROW($A$2)+1),ROWS(D$4:D7))),"")}
A8: {=IF(ROWS(A$4:A8)<=$B$2,INDEX(data!C$3:C$106299,SMALL(IF(data!$D$3:$D$106299=$B$1,ROW($A$2:$A$99132)-ROW($A$2)+1),ROWS(A$4:A8))),"")} -> 46027 | B8: {=IF(ROWS(B$4:B8)<=$B$2,INDEX(data!A$3:A$106299,SMALL(IF(data!$D$3:$D$106299=$B$1,ROW($A$2:$A$99132)-ROW($A$2)+1),ROWS(B$4:B8))),"")} -> КАСОВА КНИГА | C8: {=IF(ROWS(C$4:C8)<=$B$2,INDEX(data!B$3:B$106299,SMALL(IF(data!$D$3:$D$106299=$B$1,ROW($A$2:$A$99132)-ROW($A$2)+1),ROWS(C$4:C8))),"")} -> -511.29 | D8: {=IF(ROWS(D$4:D8)<=$B$2,INDEX(data!E$3:E$106299,SMALL(IF(data!$D$3:$D$106299=$B$1,ROW($A$2:$A$99132)-ROW($A$2)+1),ROWS(D$4:D8))),"")}
A9: {=IF(ROWS(A$4:A9)<=$B$2,INDEX(data!C$3:C$106299,SMALL(IF(data!$D$3:$D$106299=$B$1,ROW($A$2:$A$99132)-ROW($A$2)+1),ROWS(A$4:A9))),"")} -> 46027 | B9: {=IF(ROWS(B$4:B9)<=$B$2,INDEX(data!A$3:A$106299,SMALL(IF(data!$D$3:$D$106299=$B$1,ROW($A$2:$A$99132)-ROW($A$2)+1),ROWS(B$4:B9))),"")} -> MYPOS Бакалия | C9: {=IF(ROWS(C$4:C9)<=$B$2,INDEX(data!B$3:B$106299,SMALL(IF(data!$D$3:$D$106299=$B$1,ROW($A$2:$A$99132)-ROW($A$2)+1),ROWS(C$4:C9))),"")} -> -1917.13 | D9: {=IF(ROWS(D$4:D9)<=$B$2,INDEX(data!E$3:E$106299,SMALL(IF(data!$D$3:$D$106299=$B$1,ROW($A$2:$A$99132)-ROW($A$2)+1),ROWS(D$4:D9))),"")} -> 29-31,12
A10: {=IF(ROWS(A$4:A10)<=$B$2,INDEX(data!C$3:C$106299,SMALL(IF(data!$D$3:$D$106299=$B$1,ROW($A$2:$A$99132)-ROW($A$2)+1),ROWS(A$4:A10))),"")} -> 46027 | B10: {=IF(ROWS(B$4:B10)<=$B$2,INDEX(data!A$3:A$106299,SMALL(IF(data!$D$3:$D$106299=$B$1,ROW($A$2:$A$99132)-ROW($A$2)+1),ROWS(B$4:B10))),"")} -> КАСОВА КНИГА | C10: {=IF(ROWS(C$4:C10)<=$B$2,INDEX(data!B$3:B$106299,SMALL(IF(data!$D$3:$D$106299=$B$1,ROW($A$2:$A$99132)-ROW($A$2)+1),ROWS(C$4:C10))),"")} -> 5110 | D10: {=IF(ROWS(D$4:D10)<=$B$2,INDEX(data!E$3:E$106299,SMALL(IF(data!$D$3:$D$106299=$B$1,ROW($A$2:$A$99132)-ROW($A$2)+1),ROWS(D$4:D10))),"")} -> евро
A11: {=IF(ROWS(A$4:A11)<=$B$2,INDEX(data!C$3:C$106299,SMALL(IF(data!$D$3:$D$106299=$B$1,ROW($A$2:$A$99132)-ROW($A$2)+1),ROWS(A$4:A11))),"")} -> 46029 | B11: {=IF(ROWS(B$4:B11)<=$B$2,INDEX(data!A$3:A$106299,SMALL(IF(data!$D$3:$D$106299=$B$1,ROW($A$2:$A$99132)-ROW($A$2)+1),ROWS(B$4:B11))),"")} -> КАСОВА КНИГА | C11: {=IF(ROWS(C$4:C11)<=$B$2,INDEX(data!B$3:B$106299,SMALL(IF(data!$D$3:$D$106299=$B$1,ROW($A$2:$A$99132)-ROW($A$2)+1),ROWS(C$4:C11))),"")} -> -2000 | D11: {=IF(ROWS(D$4:D11)<=$B$2,INDEX(data!E$3:E$106299,SMALL(IF(data!$D$3:$D$106299=$B$1,ROW($A$2:$A$99132)-ROW($A$2)+1),ROWS(D$4:D11))),"")}
A12: {=IF(ROWS(A$4:A12)<=$B$2,INDEX(data!C$3:C$106299,SMALL(IF(data!$D$3:$D$106299=$B$1,ROW($A$2:$A$99132)-ROW($A$2)+1),ROWS(A$4:A12))),"")} -> 46035 | B12: {=IF(ROWS(B$4:B12)<=$B$2,INDEX(data!A$3:A$106299,SMALL(IF(data!$D$3:$D$106299=$B$1,ROW($A$2:$A$99132)-ROW($A$2)+1),ROWS(B$4:B12))),"")} -> MYPOS Бакалия | C12: {=IF(ROWS(C$4:C12)<=$B$2,INDEX(data!B$3:B$106299,SMALL(IF(data!$D$3:$D$106299=$B$1,ROW($A$2:$A$99132)-ROW($A$2)+1),ROWS(C$4:C12))),"")} -> -5987.93 | D12: {=IF(ROWS(D$4:D12)<=$B$2,INDEX(data!E$3:E$106299,SMALL(IF(data!$D$3:$D$106299=$B$1,ROW($A$2:$A$99132)-ROW($A$2)+1),ROWS(D$4:D12))),"")}
A13: {=IF(ROWS(A$4:A13)<=$B$2,INDEX(data!C$3:C$106299,SMALL(IF(data!$D$3:$D$106299=$B$1,ROW($A$2:$A$99132)-ROW($A$2)+1),ROWS(A$4:A13))),"")} -> 46041 | B13: {=IF(ROWS(B$4:B13)<=$B$2,INDEX(data!A$3:A$106299,SMALL(IF(data!$D$3:$D$106299=$B$1,ROW($A$2:$A$99132)-ROW($A$2)+1),ROWS(B$4:B13))),"")} -> MYPOS Бакалия | C13: {=IF(ROWS(C$4:C13)<=$B$2,INDEX(data!B$3:B$106299,SMALL(IF(data!$D$3:$D$106299=$B$1,ROW($A$2:$A$99132)-ROW($A$2)+1),ROWS(C$4:C13))),"")} -> -6604.29 | D13: {=IF(ROWS(D$4:D13)<=$B$2,INDEX(data!E$3:E$106299,SMALL(IF(data!$D$3:$D$106299=$B$1,ROW($A$2:$A$99132)-ROW($A$2)+1),ROWS(D$4:D13))),"")}
A14: {=IF(ROWS(A$4:A14)<=$B$2,INDEX(data!C$3:C$106299,SMALL(IF(data!$D$3:$D$106299=$B$1,ROW($A$2:$A$99132)-ROW($A$2)+1),ROWS(A$4:A14))),"")} -> 46041 | B14: {=IF(ROWS(B$4:B14)<=$B$2,INDEX(data!A$3:A$106299,SMALL(IF(data!$D$3:$D$106299=$B$1,ROW($A$2:$A$99132)-ROW($A$2)+1),ROWS(B$4:B14))),"")} -> КАСОВА КНИГА | C14: {=IF(ROWS(C$4:C14)<=$B$2,INDEX(data!B$3:B$106299,SMALL(IF(data!$D$3:$D$106299=$B$1,ROW($A$2:$A$99132)-ROW($A$2)+1),ROWS(C$4:C14))),"")} -> -222 | D14: {=IF(ROWS(D$4:D14)<=$B$2,INDEX(data!E$3:E$106299,SMALL(IF(data!$D$3:$D$106299=$B$1,ROW($A$2:$A$99132)-ROW($A$2)+1),ROWS(D$4:D14))),"")}
A15: {=IF(ROWS(A$4:A15)<=$B$2,INDEX(data!C$3:C$106299,SMALL(IF(data!$D$3:$D$106299=$B$1,ROW($A$2:$A$99132)-ROW($A$2)+1),ROWS(A$4:A15))),"")} -> 46043 | B15: {=IF(ROWS(B$4:B15)<=$B$2,INDEX(data!A$3:A$106299,SMALL(IF(data!$D$3:$D$106299=$B$1,ROW($A$2:$A$99132)-ROW($A$2)+1),ROWS(B$4:B15))),"")} -> Каса ВАУЧЕРИ | C15: {=IF(ROWS(C$4:C15)<=$B$2,INDEX(data!B$3:B$106299,SMALL(IF(data!$D$3:$D$106299=$B$1,ROW($A$2:$A$99132)-ROW($A$2)+1),ROWS(C$4:C15))),"")} -> 409.03 | D15: {=IF(ROWS(D$4:D15)<=$B$2,INDEX(data!E$3:E$106299,SMALL(IF(data!$D$3:$D$106299=$B$1,ROW($A$2:$A$99132)-ROW($A$2)+1),ROWS(D$4:D15))),"")} -> ваучери персонал
... A107: {=IF(ROWS(A$4:A107)<=$B$2,INDEX(data!C$3:C$106299,SMALL(IF(data!$D$3:$D$106299=$B$1,ROW($A$2:$A$99132)-ROW($A$2)+1),ROWS(A$4:A107))),"")} | B107: {=IF(ROWS(B$4:B107)<=$B$2,INDEX(data!A$3:A$106299,SMALL(IF(data!$D$3:$D$106299=$B$1,ROW($A$2:$A$99132)-ROW($A$2)+1),ROWS(B$4:B107))),"")} | C107: {=IF(ROWS(C$4:C107)<=$B$2,INDEX(data!B$3:B$106299,SMALL(IF(data!$D$3:$D$106299=$B$1,ROW($A$2:$A$99132)-ROW($A$2)+1),ROWS(C$4:C107))),"")} | D107: {=IF(ROWS(D$4:D107)<=$B$2,INDEX(data!E$3:E$106299,SMALL(IF(data!$D$3:$D$106299=$B$1,ROW($A$2:$A$99132)-ROW($A$2)+1),ROWS(D$4:D107))),"")}

Sheet Банкя
A1: Обект | B1: СМ Банкя | E1: C:C | F1: =SUM(C:C) -> -46907.951 | G1: 03,01,2026/11,15ч
A2: Брой съвпадения | B2: =COUNTIF(data!D:D,B1) -> 135 | E2: Начално с-до | F2: 132498.49
A3: Дата | B3: Артикул | C3: Стойност | D3: Забележка | E3: САЛДО | F3: =F1+F2 -> 85590.539
A4: {=IF(ROWS(A$4:A4)<=$B$2,INDEX(data!C$3:C$16128,SMALL(IF(data!$D$3:$D$16128='Банкя'!$B$1,ROW(data!$A$3:$A$16128)-ROW($A$3)+1),ROWS(A$4:A4))),"")} -> 44557 | B4: {=IF(ROWS(B$4:B4)<=$B$2,INDEX(data!A$3:A$16128,SMALL(IF(data!$D$3:$D$16128=$B$1,ROW(data!$A$3:$A$16128)-ROW($A$3)+1),ROWS(B$4:B4))),"")} -> MYPOS Бакалия | C4: {=IF(ROWS(C$4:C4)<=$B$2,INDEX(data!B$3:B$16128,SMALL(IF(data!$D$3:$D$16128='Банкя'!$B$1,ROW(data!$A$3:$A$16128)-ROW($A$3)+1),ROWS(C$4:C4))),"")} -> -0.01 | D4: {=IF(ROWS(D$4:D4)<=$B$2,INDEX(data!E$3:E$16128,SMALL(IF(data!$D$3:$D$16128='Банкя'!$B$1,ROW(data!$A$3:$A$16128)-ROW($A$3)+1),ROWS(D$4:D4))),"")}
A5: {=IF(ROWS(A$4:A5)<=$B$2,INDEX(data!C$3:C$16128,SMALL(IF(data!$D$3:$D$16128='Банкя'!$B$1,ROW(data!$A$3:$A$16128)-ROW($A$3)+1),ROWS(A$4:A5))),"")} -> 46025 | B5: {=IF(ROWS(B$4:B5)<=$B$2,INDEX(data!A$3:A$16128,SMALL(IF(data!$D$3:$D$16128=$B$1,ROW(data!$A$3:$A$16128)-ROW($A$3)+1),ROWS(B$4:B5))),"")} -> ЗАЕМ | C5: {=IF(ROWS(C$4:C5)<=$B$2,INDEX(data!B$3:B$16128,SMALL(IF(data!$D$3:$D$16128='Банкя'!$B$1,ROW(data!$A$3:$A$16128)-ROW($A$3)+1),ROWS(C$4:C5))),"")} -> 7469.02 | D5: {=IF(ROWS(D$4:D5)<=$B$2,INDEX(data!E$3:E$16128,SMALL(IF(data!$D$3:$D$16128='Банкя'!$B$1,ROW(data!$A$3:$A$16128)-ROW($A$3)+1),ROWS(D$4:D5))),"")} -> Салдо скл + вътр. п-не
A6: {=IF(ROWS(A$4:A6)<=$B$2,INDEX(data!C$3:C$16128,SMALL(IF(data!$D$3:$D$16128='Банкя'!$B$1,ROW(data!$A$3:$A$16128)-ROW($A$3)+1),ROWS(A$4:A6))),"")} -> 46027 | B6: {=IF(ROWS(B$4:B6)<=$B$2,INDEX(data!A$3:A$16128,SMALL(IF(data!$D$3:$D$16128=$B$1,ROW(data!$A$3:$A$16128)-ROW($A$3)+1),ROWS(B$4:B6))),"")} -> КАСОВА КНИГА | C6: {=IF(ROWS(C$4:C6)<=$B$2,INDEX(data!B$3:B$16128,SMALL(IF(data!$D$3:$D$16128='Банкя'!$B$1,ROW(data!$A$3:$A$16128)-ROW($A$3)+1),ROWS(C$4:C6))),"")} -> -3579.04 | D6: {=IF(ROWS(D$4:D6)<=$B$2,INDEX(data!E$3:E$16128,SMALL(IF(data!$D$3:$D$16128='Банкя'!$B$1,ROW(data!$A$3:$A$16128)-ROW($A$3)+1),ROWS(D$4:D6))),"")} -> банка 02.01
A7: {=IF(ROWS(A$4:A7)<=$B$2,INDEX(data!C$3:C$16128,SMALL(IF(data!$D$3:$D$16128='Банкя'!$B$1,ROW(data!$A$3:$A$16128)-ROW($A$3)+1),ROWS(A$4:A7))),"")} -> 46027 | B7: {=IF(ROWS(B$4:B7)<=$B$2,INDEX(data!A$3:A$16128,SMALL(IF(data!$D$3:$D$16128=$B$1,ROW(data!$A$3:$A$16128)-ROW($A$3)+1),ROWS(B$4:B7))),"")} -> MYPOS Бакалия | C7: {=IF(ROWS(C$4:C7)<=$B$2,INDEX(data!B$3:B$16128,SMALL(IF(data!$D$3:$D$16128='Банкя'!$B$1,ROW(data!$A$3:$A$16128)-ROW($A$3)+1),ROWS(C$4:C7))),"")} -> -528.47 | D7: {=IF(ROWS(D$4:D7)<=$B$2,INDEX(data!E$3:E$16128,SMALL(IF(data!$D$3:$D$16128='Банкя'!$B$1,ROW(data!$A$3:$A$16128)-ROW($A$3)+1),ROWS(D$4:D7))),"")}
A8: {=IF(ROWS(A$4:A8)<=$B$2,INDEX(data!C$3:C$16128,SMALL(IF(data!$D$3:$D$16128='Банкя'!$B$1,ROW(data!$A$3:$A$16128)-ROW($A$3)+1),ROWS(A$4:A8))),"")} -> 46027 | B8: {=IF(ROWS(B$4:B8)<=$B$2,INDEX(data!A$3:A$16128,SMALL(IF(data!$D$3:$D$16128=$B$1,ROW(data!$A$3:$A$16128)-ROW($A$3)+1),ROWS(B$4:B8))),"")} -> MYPOS Бакалия | C8: {=IF(ROWS(C$4:C8)<=$B$2,INDEX(data!B$3:B$16128,SMALL(IF(data!$D$3:$D$16128='Банкя'!$B$1,ROW(data!$A$3:$A$16128)-ROW($A$3)+1),ROWS(C$4:C8))),"")} -> -974.32 | D8: {=IF(ROWS(D$4:D8)<=$B$2,INDEX(data!E$3:E$16128,SMALL(IF(data!$D$3:$D$16128='Банкя'!$B$1,ROW(data!$A$3:$A$16128)-ROW($A$3)+1),ROWS(D$4:D8))),"")} -> 29-31,12
A9: {=IF(ROWS(A$4:A9)<=$B$2,INDEX(data!C$3:C$16128,SMALL(IF(data!$D$3:$D$16128='Банкя'!$B$1,ROW(data!$A$3:$A$16128)-ROW($A$3)+1),ROWS(A$4:A9))),"")} -> 46027 | B9: {=IF(ROWS(B$4:B9)<=$B$2,INDEX(data!A$3:A$16128,SMALL(IF(data!$D$3:$D$16128=$B$1,ROW(data!$A$3:$A$16128)-ROW($A$3)+1),ROWS(B$4:B9))),"")} -> КАСОВА КНИГА | C9: {=IF(ROWS(C$4:C9)<=$B$2,INDEX(data!B$3:B$16128,SMALL(IF(data!$D$3:$D$16128='Банкя'!$B$1,ROW(data!$A$3:$A$16128)-ROW($A$3)+1),ROWS(C$4:C9))),"")} -> 3110 | D9: {=IF(ROWS(D$4:D9)<=$B$2,INDEX(data!E$3:E$16128,SMALL(IF(data!$D$3:$D$16128='Банкя'!$B$1,ROW(data!$A$3:$A$16128)-ROW($A$3)+1),ROWS(D$4:D9))),"")} -> евро
A10: {=IF(ROWS(A$4:A10)<=$B$2,INDEX(data!C$3:C$16128,SMALL(IF(data!$D$3:$D$16128='Банкя'!$B$1,ROW(data!$A$3:$A$16128)-ROW($A$3)+1),ROWS(A$4:A10))),"")} -> 46028 | B10: {=IF(ROWS(B$4:B10)<=$B$2,INDEX(data!A$3:A$16128,SMALL(IF(data!$D$3:$D$16128=$B$1,ROW(data!$A$3:$A$16128)-ROW($A$3)+1),ROWS(B$4:B10))),"")} -> каса ФИКТИВНА | C10: {=IF(ROWS(C$4:C10)<=$B$2,INDEX(data!B$3:B$16128,SMALL(IF(data!$D$3:$D$16128='Банкя'!$B$1,ROW(data!$A$3:$A$16128)-ROW($A$3)+1),ROWS(C$4:C10))),"")} -> -102.26 | D10: {=IF(ROWS(D$4:D10)<=$B$2,INDEX(data!E$3:E$16128,SMALL(IF(data!$D$3:$D$16128='Банкя'!$B$1,ROW(data!$A$3:$A$16128)-ROW($A$3)+1),ROWS(D$4:D10))),"")} -> Стаси от заплатата
A11: {=IF(ROWS(A$4:A11)<=$B$2,INDEX(data!C$3:C$16128,SMALL(IF(data!$D$3:$D$16128='Банкя'!$B$1,ROW(data!$A$3:$A$16128)-ROW($A$3)+1),ROWS(A$4:A11))),"")} -> 46029 | B11: {=IF(ROWS(B$4:B11)<=$B$2,INDEX(data!A$3:A$16128,SMALL(IF(data!$D$3:$D$16128=$B$1,ROW(data!$A$3:$A$16128)-ROW($A$3)+1),ROWS(B$4:B11))),"")} -> КАСОВА КНИГА | C11: {=IF(ROWS(C$4:C11)<=$B$2,INDEX(data!B$3:B$16128,SMALL(IF(data!$D$3:$D$16128='Банкя'!$B$1,ROW(data!$A$3:$A$16128)-ROW($A$3)+1),ROWS(C$4:C11))),"")} -> -511.29 | D11: {=IF(ROWS(D$4:D11)<=$B$2,INDEX(data!E$3:E$16128,SMALL(IF(data!$D$3:$D$16128='Банкя'!$B$1,ROW(data!$A$3:$A$16128)-ROW($A$3)+1),ROWS(D$4:D11))),"")}
A12: {=IF(ROWS(A$4:A12)<=$B$2,INDEX(data!C$3:C$16128,SMALL(IF(data!$D$3:$D$16128='Банкя'!$B$1,ROW(data!$A$3:$A$16128)-ROW($A$3)+1),ROWS(A$4:A12))),"")} -> 46030 | B12: {=IF(ROWS(B$4:B12)<=$B$2,INDEX(data!A$3:A$16128,SMALL(IF(data!$D$3:$D$16128=$B$1,ROW(data!$A$3:$A$16128)-ROW($A$3)+1),ROWS(B$4:B12))),"")} -> Каса ВАУЧЕРИ | C12: {=IF(ROWS(C$4:C12)<=$B$2,INDEX(data!B$3:B$16128,SMALL(IF(data!$D$3:$D$16128='Банкя'!$B$1,ROW(data!$A$3:$A$16128)-ROW($A$3)+1),ROWS(C$4:C12))),"")} -> -5.11 | D12: {=IF(ROWS(D$4:D12)<=$B$2,INDEX(data!E$3:E$16128,SMALL(IF(data!$D$3:$D$16128='Банкя'!$B$1,ROW(data!$A$3:$A$16128)-ROW($A$3)+1),ROWS(D$4:D12))),"")} -> за 22.12
A13: {=IF(ROWS(A$4:A13)<=$B$2,INDEX(data!C$3:C$16128,SMALL(IF(data!$D$3:$D$16128='Банкя'!$B$1,ROW(data!$A$3:$A$16128)-ROW($A$3)+1),ROWS(A$4:A13))),"")} -> 46031 | B13: {=IF(ROWS(B$4:B13)<=$B$2,INDEX(data!A$3:A$16128,SMALL(IF(data!$D$3:$D$16128=$B$1,ROW(data!$A$3:$A$16128)-ROW($A$3)+1),ROWS(B$4:B13))),"")} -> КАСОВА КНИГА | C13: {=IF(ROWS(C$4:C13)<=$B$2,INDEX(data!B$3:B$16128,SMALL(IF(data!$D$3:$D$16128='Банкя'!$B$1,ROW(data!$A$3:$A$16128)-ROW($A$3)+1),ROWS(C$4:C13))),"")} -> -1000 | D13: {=IF(ROWS(D$4:D13)<=$B$2,INDEX(data!E$3:E$16128,SMALL(IF(data!$D$3:$D$16128='Банкя'!$B$1,ROW(data!$A$3:$A$16128)-ROW($A$3)+1),ROWS(D$4:D13))),"")}
A14: {=IF(ROWS(A$4:A14)<=$B$2,INDEX(data!C$3:C$16128,SMALL(IF(data!$D$3:$D$16128='Банкя'!$B$1,ROW(data!$A$3:$A$16128)-ROW($A$3)+1),ROWS(A$4:A14))),"")} -> 46034 | B14: {=IF(ROWS(B$4:B14)<=$B$2,INDEX(data!A$3:A$16128,SMALL(IF(data!$D$3:$D$16128=$B$1,ROW(data!$A$3:$A$16128)-ROW($A$3)+1),ROWS(B$4:B14))),"")} -> КАСОВА КНИГА | C14: {=IF(ROWS(C$4:C14)<=$B$2,INDEX(data!B$3:B$16128,SMALL(IF(data!$D$3:$D$16128='Банкя'!$B$1,ROW(data!$A$3:$A$16128)-ROW($A$3)+1),ROWS(C$4:C14))),"")} -> -3022.58 | D14: {=IF(ROWS(D$4:D14)<=$B$2,INDEX(data!E$3:E$16128,SMALL(IF(data!$D$3:$D$16128='Банкя'!$B$1,ROW(data!$A$3:$A$16128)-ROW($A$3)+1),ROWS(D$4:D14))),"")}
A15: {=IF(ROWS(A$4:A15)<=$B$2,INDEX(data!C$3:C$16128,SMALL(IF(data!$D$3:$D$16128='Банкя'!$B$1,ROW(data!$A$3:$A$16128)-ROW($A$3)+1),ROWS(A$4:A15))),"")} -> 46035 | B15: {=IF(ROWS(B$4:B15)<=$B$2,INDEX(data!A$3:A$16128,SMALL(IF(data!$D$3:$D$16128=$B$1,ROW(data!$A$3:$A$16128)-ROW($A$3)+1),ROWS(B$4:B15))),"")} -> MYPOS Бакалия | C15: {=IF(ROWS(C$4:C15)<=$B$2,INDEX(data!B$3:B$16128,SMALL(IF(data!$D$3:$D$16128='Банкя'!$B$1,ROW(data!$A$3:$A$16128)-ROW($A$3)+1),ROWS(C$4:C15))),"")} -> -2123.24 | D15: {=IF(ROWS(D$4:D15)<=$B$2,INDEX(data!E$3:E$16128,SMALL(IF(data!$D$3:$D$16128='Банкя'!$B$1,ROW(data!$A$3:$A$16128)-ROW($A$3)+1),ROWS(D$4:D15))),"")}
... A147: {=IF(ROWS(A$4:A147)<=$B$2,INDEX(data!C$3:C$16128,SMALL(IF(data!$D$3:$D$16128='Банкя'!$B$1,ROW(data!$A$3:$A$16128)-ROW($A$3)+1),ROWS(A$4:A147))),"")} | B147: {=IF(ROWS(B$4:B147)<=$B$2,INDEX(data!A$3:A$16128,SMALL(IF(data!$D$3:$D$16128=$B$1,ROW(data!$A$3:$A$16128)-ROW($A$3)+1),ROWS(B$4:B147))),"")} | C147: {=IF(ROWS(C$4:C147)<=$B$2,INDEX(data!B$3:B$16128,SMALL(IF(data!$D$3:$D$16128='Банкя'!$B$1,ROW(data!$A$3:$A$16128)-ROW($A$3)+1),ROWS(C$4:C147))),"")} | D147: {=IF(ROWS(D$4:D147)<=$B$2,INDEX(data!E$3:E$16128,SMALL(IF(data!$D$3:$D$16128='Банкя'!$B$1,ROW(data!$A$3:$A$16128)-ROW($A$3)+1),ROWS(D$4:D147))),"")}

Sheet Велчо Атанасов
A1: 0 | B1: СМ Велчо Атанасов | E1: C:C | F1: =SUM(C:C) -> -39383.15 | G1: 03,01,2026/11,15ч
A2: Брой съвпадения | B2: =COUNTIF(data!D:D,B1) -> 141 | E2: Начално с-до | F2: 49627.51
A3: Дата | B3: Артикул | C3: Стойност | D3: Забележка | E3: САЛДО | F3: =F1+F2 -> 10244.36
A4: {=IF(ROWS(A$4:A4)<=$B$2,INDEX(data!C$3:C$16128,SMALL(IF(data!$D$3:$D$16128='Велчо Атанасов'!$B$1,ROW(data!$A$3:$A$16128)-ROW($A$3)+1),ROWS(A$4:A4))),"")} -> 44557 | B4: {=IF(ROWS(B$4:B4)<=$B$2,INDEX(data!A$3:A$16128,SMALL(IF(data!$D$3:$D$16128='Велчо Атанасов'!$B$1,ROW(data!$A$3:$A$16128)-ROW($A$3)+1),ROWS(B$4:B4))),"")} -> MYPOS Бакалия | C4: {=IF(ROWS(C$4:C4)<=$B$2,INDEX(data!B$3:B$16128,SMALL(IF(data!$D$3:$D$16128='Велчо Атанасов'!$B$1,ROW(data!$A$3:$A$16128)-ROW($A$3)+1),ROWS(C$4:C4))),"")} -> -0.01 | D4: {=IF(ROWS(D$4:D4)<=$B$2,INDEX(data!E$3:E$16128,SMALL(IF(data!$D$3:$D$16128='Велчо Атанасов'!$B$1,ROW(data!$A$3:$A$16128)-ROW($A$3)+1),ROWS(D$4:D4))),"")}
A5: {=IF(ROWS(A$4:A5)<=$B$2,INDEX(data!C$3:C$16128,SMALL(IF(data!$D$3:$D$16128='Велчо Атанасов'!$B$1,ROW(data!$A$3:$A$16128)-ROW($A$3)+1),ROWS(A$4:A5))),"")} -> 46025 | B5: {=IF(ROWS(B$4:B5)<=$B$2,INDEX(data!A$3:A$16128,SMALL(IF(data!$D$3:$D$16128='Велчо Атанасов'!$B$1,ROW(data!$A$3:$A$16128)-ROW($A$3)+1),ROWS(B$4:B5))),"")} -> ЗАЕМ | C5: {=IF(ROWS(C$4:C5)<=$B$2,INDEX(data!B$3:B$16128,SMALL(IF(data!$D$3:$D$16128='Велчо Атанасов'!$B$1,ROW(data!$A$3:$A$16128)-ROW($A$3)+1),ROWS(C$4:C5))),"")} -> 18711.61 | D5: {=IF(ROWS(D$4:D5)<=$B$2,INDEX(data!E$3:E$16128,SMALL(IF(data!$D$3:$D$16128='Велчо Атанасов'!$B$1,ROW(data!$A$3:$A$16128)-ROW($A$3)+1),ROWS(D$4:D5))),"")} -> Салдо скл + вътр. п-не
A6: {=IF(ROWS(A$4:A6)<=$B$2,INDEX(data!C$3:C$16128,SMALL(IF(data!$D$3:$D$16128='Велчо Атанасов'!$B$1,ROW(data!$A$3:$A$16128)-ROW($A$3)+1),ROWS(A$4:A6))),"")} -> 46027 | B6: {=IF(ROWS(B$4:B6)<=$B$2,INDEX(data!A$3:A$16128,SMALL(IF(data!$D$3:$D$16128='Велчо Атанасов'!$B$1,ROW(data!$A$3:$A$16128)-ROW($A$3)+1),ROWS(B$4:B6))),"")} -> КАСОВА КНИГА | C6: {=IF(ROWS(C$4:C6)<=$B$2,INDEX(data!B$3:B$16128,SMALL(IF(data!$D$3:$D$16128='Велчо Атанасов'!$B$1,ROW(data!$A$3:$A$16128)-ROW($A$3)+1),ROWS(C$4:C6))),"")} -> -2709.847 | D6: {=IF(ROWS(D$4:D6)<=$B$2,INDEX(data!E$3:E$16128,SMALL(IF(data!$D$3:$D$16128='Велчо Атанасов'!$B$1,ROW(data!$A$3:$A$16128)-ROW($A$3)+1),ROWS(D$4:D6))),"")} -> банка 02.01
A7: {=IF(ROWS(A$4:A7)<=$B$2,INDEX(data!C$3:C$16128,SMALL(IF(data!$D$3:$D$16128='Велчо Атанасов'!$B$1,ROW(data!$A$3:$A$16128)-ROW($A$3)+1),ROWS(A$4:A7))),"")} -> 46027 | B7: {=IF(ROWS(B$4:B7)<=$B$2,INDEX(data!A$3:A$16128,SMALL(IF(data!$D$3:$D$16128='Велчо Атанасов'!$B$1,ROW(data!$A$3:$A$16128)-ROW($A$3)+1),ROWS(B$4:B7))),"")} -> MYPOS Бакалия | C7: {=IF(ROWS(C$4:C7)<=$B$2,INDEX(data!B$3:B$16128,SMALL(IF(data!$D$3:$D$16128='Велчо Атанасов'!$B$1,ROW(data!$A$3:$A$16128)-ROW($A$3)+1),ROWS(C$4:C7))),"")} -> -4604.6 | D7: {=IF(ROWS(D$4:D7)<=$B$2,INDEX(data!E$3:E$16128,SMALL(IF(data!$D$3:$D$16128='Велчо Атанасов'!$B$1,ROW(data!$A$3:$A$16128)-ROW($A$3)+1),ROWS(D$4:D7))),"")}
A8: {=IF(ROWS(A$4:A8)<=$B$2,INDEX(data!C$3:C$16128,SMALL(IF(data!$D$3:$D$16128='Велчо Атанасов'!$B$1,ROW(data!$A$3:$A$16128)-ROW($A$3)+1),ROWS(A$4:A8))),"")} -> 46027 | B8: {=IF(ROWS(B$4:B8)<=$B$2,INDEX(data!A$3:A$16128,SMALL(IF(data!$D$3:$D$16128='Велчо Атанасов'!$B$1,ROW(data!$A$3:$A$16128)-ROW($A$3)+1),ROWS(B$4:B8))),"")} -> КАСОВА КНИГА | C8: {=IF(ROWS(C$4:C8)<=$B$2,INDEX(data!B$3:B$16128,SMALL(IF(data!$D$3:$D$16128='Велчо Атанасов'!$B$1,ROW(data!$A$3:$A$16128)-ROW($A$3)+1),ROWS(C$4:C8))),"")} -> -1533.88 | D8: {=IF(ROWS(D$4:D8)<=$B$2,INDEX(data!E$3:E$16128,SMALL(IF(data!$D$3:$D$16128='Велчо Атанасов'!$B$1,ROW(data!$A$3:$A$16128)-ROW($A$3)+1),ROWS(D$4:D8))),"")}
A9: {=IF(ROWS(A$4:A9)<=$B$2,INDEX(data!C$3:C$16128,SMALL(IF(data!$D$3:$D$16128='Велчо Атанасов'!$B$1,ROW(data!$A$3:$A$16128)-ROW($A$3)+1),ROWS(A$4:A9))),"")} -> 46027 | B9: {=IF(ROWS(B$4:B9)<=$B$2,INDEX(data!A$3:A$16128,SMALL(IF(data!$D$3:$D$16128='Велчо Атанасов'!$B$1,ROW(data!$A$3:$A$16128)-ROW($A$3)+1),ROWS(B$4:B9))),"")} -> MYPOS Бакалия | C9: {=IF(ROWS(C$4:C9)<=$B$2,INDEX(data!B$3:B$16128,SMALL(IF(data!$D$3:$D$16128='Велчо Атанасов'!$B$1,ROW(data!$A$3:$A$16128)-ROW($A$3)+1),ROWS(C$4:C9))),"")} -> -5534.12 | D9: {=IF(ROWS(D$4:D9)<=$B$2,INDEX(data!E$3:E$16128,SMALL(IF(data!$D$3:$D$16128='Велчо Атанасов'!$B$1,ROW(data!$A$3:$A$16128)-ROW($A$3)+1),ROWS(D$4:D9))),"")} -> 29-31,12
A10: {=IF(ROWS(A$4:A10)<=$B$2,INDEX(data!C$3:C$16128,SMALL(IF(data!$D$3:$D$16128='Велчо Атанасов'!$B$1,ROW(data!$A$3:$A$16128)-ROW($A$3)+1),ROWS(A$4:A10))),"")} -> 46027 | B10: {=IF(ROWS(B$4:B10)<=$B$2,INDEX(data!A$3:A$16128,SMALL(IF(data!$D$3:$D$16128='Велчо Атанасов'!$B$1,ROW(data!$A$3:$A$16128)-ROW($A$3)+1),ROWS(B$4:B10))),"")} -> КАСОВА КНИГА | C10: {=IF(ROWS(C$4:C10)<=$B$2,INDEX(data!B$3:B$16128,SMALL(IF(data!$D$3:$D$16128='Велчо Атанасов'!$B$1,ROW(data!$A$3:$A$16128)-ROW($A$3)+1),ROWS(C$4:C10))),"")} -> 5110 | D10: {=IF(ROWS(D$4:D10)<=$B$2,INDEX(data!E$3:E$16128,SMALL(IF(data!$D$3:$D$16128='Велчо Атанасов'!$B$1,ROW(data!$A$3:$A$16128)-ROW($A$3)+1),ROWS(D$4:D10))),"")} -> евро
A11: {=IF(ROWS(A$4:A11)<=$B$2,INDEX(data!C$3:C$16128,SMALL(IF(data!$D$3:$D$16128='Велчо Атанасов'!$B$1,ROW(data!$A$3:$A$16128)-ROW($A$3)+1),ROWS(A$4:A11))),"")} -> 46028 | B11: {=IF(ROWS(B$4:B11)<=$B$2,INDEX(data!A$3:A$16128,SMALL(IF(data!$D$3:$D$16128='Велчо Атанасов'!$B$1,ROW(data!$A$3:$A$16128)-ROW($A$3)+1),ROWS(B$4:B11))),"")} -> каса ФИКТИВНА | C11: {=IF(ROWS(C$4:C11)<=$B$2,INDEX(data!B$3:B$16128,SMALL(IF(data!$D$3:$D$16128='Велчо Атанасов'!$B$1,ROW(data!$A$3:$A$16128)-ROW($A$3)+1),ROWS(C$4:C11))),"")} -> -600 | D11: {=IF(ROWS(D$4:D11)<=$B$2,INDEX(data!E$3:E$16128,SMALL(IF(data!$D$3:$D$16128='Велчо Атанасов'!$B$1,ROW(data!$A$3:$A$16128)-ROW($A$3)+1),ROWS(D$4:D11))),"")} -> Ева от премиите
A12: {=IF(ROWS(A$4:A12)<=$B$2,INDEX(data!C$3:C$16128,SMALL(IF(data!$D$3:$D$16128='Велчо Атанасов'!$B$1,ROW(data!$A$3:$A$16128)-ROW($A$3)+1),ROWS(A$4:A12))),"")} -> 46030 | B12: {=IF(ROWS(B$4:B12)<=$B$2,INDEX(data!A$3:A$16128,SMALL(IF(data!$D$3:$D$16128='Велчо Атанасов'!$B$1,ROW(data!$A$3:$A$16128)-ROW($A$3)+1),ROWS(B$4:B12))),"")} -> КАСОВА КНИГА | C12: {=IF(ROWS(C$4:C12)<=$B$2,INDEX(data!B$3:B$16128,SMALL(IF(data!$D$3:$D$16128='Велчо Атанасов'!$B$1,ROW(data!$A$3:$A$16128)-ROW($A$3)+1),ROWS(C$4:C12))),"")} -> 777 | D12: {=IF(ROWS(D$4:D12)<=$B$2,INDEX(data!E$3:E$16128,SMALL(IF(data!$D$3:$D$16128='Велчо Атанасов'!$B$1,ROW(data!$A$3:$A$16128)-ROW($A$3)+1),ROWS(D$4:D12))),"")} -> заем
A13: {=IF(ROWS(A$4:A13)<=$B$2,INDEX(data!C$3:C$16128,SMALL(IF(data!$D$3:$D$16128='Велчо Атанасов'!$B$1,ROW(data!$A$3:$A$16128)-ROW($A$3)+1),ROWS(A$4:A13))),"")} -> 46030 | B13: {=IF(ROWS(B$4:B13)<=$B$2,INDEX(data!A$3:A$16128,SMALL(IF(data!$D$3:$D$16128='Велчо Атанасов'!$B$1,ROW(data!$A$3:$A$16128)-ROW($A$3)+1),ROWS(B$4:B13))),"")} -> Каса ВАУЧЕРИ | C13: {=IF(ROWS(C$4:C13)<=$B$2,INDEX(data!B$3:B$16128,SMALL(IF(data!$D$3:$D$16128='Велчо Атанасов'!$B$1,ROW(data!$A$3:$A$16128)-ROW($A$3)+1),ROWS(C$4:C13))),"")} -> -250.53 | D13: {=IF(ROWS(D$4:D13)<=$B$2,INDEX(data!E$3:E$16128,SMALL(IF(data!$D$3:$D$16128='Велчо Атанасов'!$B$1,ROW(data!$A$3:$A$16128)-ROW($A$3)+1),ROWS(D$4:D13))),"")} -> за 22.12
A14: {=IF(ROWS(A$4:A14)<=$B$2,INDEX(data!C$3:C$16128,SMALL(IF(data!$D$3:$D$16128='Велчо Атанасов'!$B$1,ROW(data!$A$3:$A$16128)-ROW($A$3)+1),ROWS(A$4:A14))),"")} -> 46030 | B14: {=IF(ROWS(B$4:B14)<=$B$2,INDEX(data!A$3:A$16128,SMALL(IF(data!$D$3:$D$16128='Велчо Атанасов'!$B$1,ROW(data!$A$3:$A$16128)-ROW($A$3)+1),ROWS(B$4:B14))),"")} -> Каса ВАУЧЕРИ | C14: {=IF(ROWS(C$4:C14)<=$B$2,INDEX(data!B$3:B$16128,SMALL(IF(data!$D$3:$D$16128='Велчо Атанасов'!$B$1,ROW(data!$A$3:$A$16128)-ROW($A$3)+1),ROWS(C$4:C14))),"")} -> -76.69 | D14: {=IF(ROWS(D$4:D14)<=$B$2,INDEX(data!E$3:E$16128,SMALL(IF(data!$D$3:$D$16128='Велчо Атанасов'!$B$1,ROW(data!$A$3:$A$16128)-ROW($A$3)+1),ROWS(D$4:D14))),"")} -> за 29.12
A15: {=IF(ROWS(A$4:A15)<=$B$2,INDEX(data!C$3:C$16128,SMALL(IF(data!$D$3:$D$16128='Велчо Атанасов'!$B$1,ROW(data!$A$3:$A$16128)-ROW($A$3)+1),ROWS(A$4:A15))),"")} -> 46031 | B15: {=IF(ROWS(B$4:B15)<=$B$2,INDEX(data!A$3:A$16128,SMALL(IF(data!$D$3:$D$16128='Велчо Атанасов'!$B$1,ROW(data!$A$3:$A$16128)-ROW($A$3)+1),ROWS(B$4:B15))),"")} -> КАСОВА КНИГА | C15: {=IF(ROWS(C$4:C15)<=$B$2,INDEX(data!B$3:B$16128,SMALL(IF(data!$D$3:$D$16128='Велчо Атанасов'!$B$1,ROW(data!$A$3:$A$16128)-ROW($A$3)+1),ROWS(C$4:C15))),"")} -> -1000 | D15: {=IF(ROWS(D$4:D15)<=$B$2,INDEX(data!E$3:E$16128,SMALL(IF(data!$D$3:$D$16128='Велчо Атанасов'!$B$1,ROW(data!$A$3:$A$16128)-ROW($A$3)+1),ROWS(D$4:D15))),"")}
... A160: {=IF(ROWS(A$4:A160)<=$B$2,INDEX(data!C$3:C$16128,SMALL(IF(data!$D$3:$D$16128='Велчо Атанасов'!$B$1,ROW(data!$A$3:$A$16128)-ROW($A$3)+1),ROWS(A$4:A160))),"")} | B160: {=IF(ROWS(B$4:B160)<=$B$2,INDEX(data!A$3:A$16128,SMALL(IF(data!$D$3:$D$16128='Велчо Атанасов'!$B$1,ROW(data!$A$3:$A$16128)-ROW($A$3)+1),ROWS(B$4:B160))),"")} | C160: {=IF(ROWS(C$4:C160)<=$B$2,INDEX(data!B$3:B$16128,SMALL(IF(data!$D$3:$D$16128='Велчо Атанасов'!$B$1,ROW(data!$A$3:$A$16128)-ROW($A$3)+1),ROWS(C$4:C160))),"")} | D160: {=IF(ROWS(D$4:D160)<=$B$2,INDEX(data!E$3:E$16128,SMALL(IF(data!$D$3:$D$16128='Велчо Атанасов'!$B$1,ROW(data!$A$3:$A$16128)-ROW($A$3)+1),ROWS(D$4:D160))),"")}

Sheet Лозeнец
A1: Обект | B1: СМ Лозенец | E1: C:C | F1: =SUM(C:C) -> -37682.497 | G1: 03,01,2026/11,15ч
A2: Брой съвпадения | B2: =COUNTIF(data!D:D,B1) -> 158 | E2: Начално с-до | F2: 80915.44
A3: Дата | B3: Артикул | C3: Стойност | D3: Забележка | E3: САЛДО | F3: =F1+F2 -> 43232.943
A4: {=IF(ROWS(A$4:A4)<=$B$2,INDEX(data!C$3:C$16128,SMALL(IF(data!$D$3:$D$16128=$B$1,ROW(data!$A$3:$A$16128)-ROW($A$3)+1),ROWS(A$4:A4))),"")} -> 44557 | B4: {=IF(ROWS(B$4:B4)<=$B$2,INDEX(data!A$3:A$16128,SMALL(IF(data!$D$3:$D$16128='Лозeнец'!$B$1,ROW(data!$A$3:$A$16128)-ROW($A$3)+1),ROWS(B$4:B4))),"")} -> MYPOS Бакалия | C4: {=IF(ROWS(C$4:C4)<=$B$2,INDEX(data!B$3:B$16128,SMALL(IF(data!$D$3:$D$16128='Лозeнец'!$B$1,ROW(data!$A$3:$A$16128)-ROW($A$3)+1),ROWS(C$4:C4))),"")} -> -0.01 | D4: {=IF(ROWS(D$4:D4)<=$B$2,INDEX(data!E$3:E$16128,SMALL(IF(data!$D$3:$D$16128='Лозeнец'!$B$1,ROW(data!$A$3:$A$16128)-ROW($A$3)+1),ROWS(D$4:D4))),"")}
A5: {=IF(ROWS(A$4:A5)<=$B$2,INDEX(data!C$3:C$16128,SMALL(IF(data!$D$3:$D$16128=$B$1,ROW(data!$A$3:$A$16128)-ROW($A$3)+1),ROWS(A$4:A5))),"")} -> 46025 | B5: {=IF(ROWS(B$4:B5)<=$B$2,INDEX(data!A$3:A$16128,SMALL(IF(data!$D$3:$D$16128='Лозeнец'!$B$1,ROW(data!$A$3:$A$16128)-ROW($A$3)+1),ROWS(B$4:B5))),"")} -> ЗАЕМ | C5: {=IF(ROWS(C$4:C5)<=$B$2,INDEX(data!B$3:B$16128,SMALL(IF(data!$D$3:$D$16128='Лозeнец'!$B$1,ROW(data!$A$3:$A$16128)-ROW($A$3)+1),ROWS(C$4:C5))),"")} -> 16789.63 | D5: {=IF(ROWS(D$4:D5)<=$B$2,INDEX(data!E$3:E$16128,SMALL(IF(data!$D$3:$D$16128='Лозeнец'!$B$1,ROW(data!$A$3:$A$16128)-ROW($A$3)+1),ROWS(D$4:D5))),"")} -> Салдо скл + вътр. п-не
A6: {=IF(ROWS(A$4:A6)<=$B$2,INDEX(data!C$3:C$16128,SMALL(IF(data!$D$3:$D$16128=$B$1,ROW(data!$A$3:$A$16128)-ROW($A$3)+1),ROWS(A$4:A6))),"")} -> 46027 | B6: {=IF(ROWS(B$4:B6)<=$B$2,INDEX(data!A$3:A$16128,SMALL(IF(data!$D$3:$D$16128='Лозeнец'!$B$1,ROW(data!$A$3:$A$16128)-ROW($A$3)+1),ROWS(B$4:B6))),"")} -> КАСОВА КНИГА | C6: {=IF(ROWS(C$4:C6)<=$B$2,INDEX(data!B$3:B$16128,SMALL(IF(data!$D$3:$D$16128='Лозeнец'!$B$1,ROW(data!$A$3:$A$16128)-ROW($A$3)+1),ROWS(C$4:C6))),"")} -> -5624.21 | D6: {=IF(ROWS(D$4:D6)<=$B$2,INDEX(data!E$3:E$16128,SMALL(IF(data!$D$3:$D$16128='Лозeнец'!$B$1,ROW(data!$A$3:$A$16128)-ROW($A$3)+1),ROWS(D$4:D6))),"")} -> банка 02.01
A7: {=IF(ROWS(A$4:A7)<=$B$2,INDEX(data!C$3:C$16128,SMALL(IF(data!$D$3:$D$16128=$B$1,ROW(data!$A$3:$A$16128)-ROW($A$3)+1),ROWS(A$4:A7))),"")} -> 46027 | B7: {=IF(ROWS(B$4:B7)<=$B$2,INDEX(data!A$3:A$16128,SMALL(IF(data!$D$3:$D$16128='Лозeнец'!$B$1,ROW(data!$A$3:$A$16128)-ROW($A$3)+1),ROWS(B$4:B7))),"")} -> MYPOS Бакалия | C7: {=IF(ROWS(C$4:C7)<=$B$2,INDEX(data!B$3:B$16128,SMALL(IF(data!$D$3:$D$16128='Лозeнец'!$B$1,ROW(data!$A$3:$A$16128)-ROW($A$3)+1),ROWS(C$4:C7))),"")} -> -3973.32 | D7: {=IF(ROWS(D$4:D7)<=$B$2,INDEX(data!E$3:E$16128,SMALL(IF(data!$D$3:$D$16128='Лозeнец'!$B$1,ROW(data!$A$3:$A$16128)-ROW($A$3)+1),ROWS(D$4:D7))),"")}
A8: {=IF(ROWS(A$4:A8)<=$B$2,INDEX(data!C$3:C$16128,SMALL(IF(data!$D$3:$D$16128=$B$1,ROW(data!$A$3:$A$16128)-ROW($A$3)+1),ROWS(A$4:A8))),"")} -> 46027 | B8: {=IF(ROWS(B$4:B8)<=$B$2,INDEX(data!A$3:A$16128,SMALL(IF(data!$D$3:$D$16128='Лозeнец'!$B$1,ROW(data!$A$3:$A$16128)-ROW($A$3)+1),ROWS(B$4:B8))),"")} -> КАСОВА КНИГА | C8: {=IF(ROWS(C$4:C8)<=$B$2,INDEX(data!B$3:B$16128,SMALL(IF(data!$D$3:$D$16128='Лозeнец'!$B$1,ROW(data!$A$3:$A$16128)-ROW($A$3)+1),ROWS(C$4:C8))),"")} -> -1789.52 | D8: {=IF(ROWS(D$4:D8)<=$B$2,INDEX(data!E$3:E$16128,SMALL(IF(data!$D$3:$D$16128='Лозeнец'!$B$1,ROW(data!$A$3:$A$16128)-ROW($A$3)+1),ROWS(D$4:D8))),"")}
A9: {=IF(ROWS(A$4:A9)<=$B$2,INDEX(data!C$3:C$16128,SMALL(IF(data!$D$3:$D$16128=$B$1,ROW(data!$A$3:$A$16128)-ROW($A$3)+1),ROWS(A$4:A9))),"")} -> 46027 | B9: {=IF(ROWS(B$4:B9)<=$B$2,INDEX(data!A$3:A$16128,SMALL(IF(data!$D$3:$D$16128='Лозeнец'!$B$1,ROW(data!$A$3:$A$16128)-ROW($A$3)+1),ROWS(B$4:B9))),"")} -> MYPOS Бакалия | C9: {=IF(ROWS(C$4:C9)<=$B$2,INDEX(data!B$3:B$16128,SMALL(IF(data!$D$3:$D$16128='Лозeнец'!$B$1,ROW(data!$A$3:$A$16128)-ROW($A$3)+1),ROWS(C$4:C9))),"")} -> -5151.96 | D9: {=IF(ROWS(D$4:D9)<=$B$2,INDEX(data!E$3:E$16128,SMALL(IF(data!$D$3:$D$16128='Лозeнец'!$B$1,ROW(data!$A$3:$A$16128)-ROW($A$3)+1),ROWS(D$4:D9))),"")} -> 29-31,12
A10: {=IF(ROWS(A$4:A10)<=$B$2,INDEX(data!C$3:C$16128,SMALL(IF(data!$D$3:$D$16128=$B$1,ROW(data!$A$3:$A$16128)-ROW($A$3)+1),ROWS(A$4:A10))),"")} -> 46027 | B10: {=IF(ROWS(B$4:B10)<=$B$2,INDEX(data!A$3:A$16128,SMALL(IF(data!$D$3:$D$16128='Лозeнец'!$B$1,ROW(data!$A$3:$A$16128)-ROW($A$3)+1),ROWS(B$4:B10))),"")} -> КАСОВА КНИГА | C10: {=IF(ROWS(C$4:C10)<=$B$2,INDEX(data!B$3:B$16128,SMALL(IF(data!$D$3:$D$16128='Лозeнец'!$B$1,ROW(data!$A$3:$A$16128)-ROW($A$3)+1),ROWS(C$4:C10))),"")} -> 5665 | D10: {=IF(ROWS(D$4:D10)<=$B$2,INDEX(data!E$3:E$16128,SMALL(IF(data!$D$3:$D$16128='Лозeнец'!$B$1,ROW(data!$A$3:$A$16128)-ROW($A$3)+1),ROWS(D$4:D10))),"")} -> евро
A11: {=IF(ROWS(A$4:A11)<=$B$2,INDEX(data!C$3:C$16128,SMALL(IF(data!$D$3:$D$16128=$B$1,ROW(data!$A$3:$A$16128)-ROW($A$3)+1),ROWS(A$4:A11))),"")} -> 46028 | B11: {=IF(ROWS(B$4:B11)<=$B$2,INDEX(data!A$3:A$16128,SMALL(IF(data!$D$3:$D$16128='Лозeнец'!$B$1,ROW(data!$A$3:$A$16128)-ROW($A$3)+1),ROWS(B$4:B11))),"")} -> каса ФИКТИВНА | C11: {=IF(ROWS(C$4:C11)<=$B$2,INDEX(data!B$3:B$16128,SMALL(IF(data!$D$3:$D$16128='Лозeнец'!$B$1,ROW(data!$A$3:$A$16128)-ROW($A$3)+1),ROWS(C$4:C11))),"")} -> -350 | D11: {=IF(ROWS(D$4:D11)<=$B$2,INDEX(data!E$3:E$16128,SMALL(IF(data!$D$3:$D$16128='Лозeнец'!$B$1,ROW(data!$A$3:$A$16128)-ROW($A$3)+1),ROWS(D$4:D11))),"")} -> Мимето от премиите
A12: {=IF(ROWS(A$4:A12)<=$B$2,INDEX(data!C$3:C$16128,SMALL(IF(data!$D$3:$D$16128=$B$1,ROW(data!$A$3:$A$16128)-ROW($A$3)+1),ROWS(A$4:A12))),"")} -> 46029 | B12: {=IF(ROWS(B$4:B12)<=$B$2,INDEX(data!A$3:A$16128,SMALL(IF(data!$D$3:$D$16128='Лозeнец'!$B$1,ROW(data!$A$3:$A$16128)-ROW($A$3)+1),ROWS(B$4:B12))),"")} -> КАСОВА КНИГА | C12: {=IF(ROWS(C$4:C12)<=$B$2,INDEX(data!B$3:B$16128,SMALL(IF(data!$D$3:$D$16128='Лозeнец'!$B$1,ROW(data!$A$3:$A$16128)-ROW($A$3)+1),ROWS(C$4:C12))),"")} -> -2000 | D12: {=IF(ROWS(D$4:D12)<=$B$2,INDEX(data!E$3:E$16128,SMALL(IF(data!$D$3:$D$16128='Лозeнец'!$B$1,ROW(data!$A$3:$A$16128)-ROW($A$3)+1),ROWS(D$4:D12))),"")}
A13: {=IF(ROWS(A$4:A13)<=$B$2,INDEX(data!C$3:C$16128,SMALL(IF(data!$D$3:$D$16128=$B$1,ROW(data!$A$3:$A$16128)-ROW($A$3)+1),ROWS(A$4:A13))),"")} -> 46030 | B13: {=IF(ROWS(B$4:B13)<=$B$2,INDEX(data!A$3:A$16128,SMALL(IF(data!$D$3:$D$16128='Лозeнец'!$B$1,ROW(data!$A$3:$A$16128)-ROW($A$3)+1),ROWS(B$4:B13))),"")} -> КАСОВА КНИГА | C13: {=IF(ROWS(C$4:C13)<=$B$2,INDEX(data!B$3:B$16128,SMALL(IF(data!$D$3:$D$16128='Лозeнец'!$B$1,ROW(data!$A$3:$A$16128)-ROW($A$3)+1),ROWS(C$4:C13))),"")} -> -777 | D13: {=IF(ROWS(D$4:D13)<=$B$2,INDEX(data!E$3:E$16128,SMALL(IF(data!$D$3:$D$16128='Лозeнец'!$B$1,ROW(data!$A$3:$A$16128)-ROW($A$3)+1),ROWS(D$4:D13))),"")}
A14: {=IF(ROWS(A$4:A14)<=$B$2,INDEX(data!C$3:C$16128,SMALL(IF(data!$D$3:$D$16128=$B$1,ROW(data!$A$3:$A$16128)-ROW($A$3)+1),ROWS(A$4:A14))),"")} -> 46030 | B14: {=IF(ROWS(B$4:B14)<=$B$2,INDEX(data!A$3:A$16128,SMALL(IF(data!$D$3:$D$16128='Лозeнец'!$B$1,ROW(data!$A$3:$A$16128)-ROW($A$3)+1),ROWS(B$4:B14))),"")} -> Каса ВАУЧЕРИ | C14: {=IF(ROWS(C$4:C14)<=$B$2,INDEX(data!B$3:B$16128,SMALL(IF(data!$D$3:$D$16128='Лозeнец'!$B$1,ROW(data!$A$3:$A$16128)-ROW($A$3)+1),ROWS(C$4:C14))),"")} -> -7.16 | D14: {=IF(ROWS(D$4:D14)<=$B$2,INDEX(data!E$3:E$16128,SMALL(IF(data!$D$3:$D$16128='Лозeнец'!$B$1,ROW(data!$A$3:$A$16128)-ROW($A$3)+1),ROWS(D$4:D14))),"")} -> за 22.12
A15: {=IF(ROWS(A$4:A15)<=$B$2,INDEX(data!C$3:C$16128,SMALL(IF(data!$D$3:$D$16128=$B$1,ROW(data!$A$3:$A$16128)-ROW($A$3)+1),ROWS(A$4:A15))),"")} -> 46031 | B15: {=IF(ROWS(B$4:B15)<=$B$2,INDEX(data!A$3:A$16128,SMALL(IF(data!$D$3:$D$16128='Лозeнец'!$B$1,ROW(data!$A$3:$A$16128)-ROW($A$3)+1),ROWS(B$4:B15))),"")} -> КАСОВА КНИГА | C15: {=IF(ROWS(C$4:C15)<=$B$2,INDEX(data!B$3:B$16128,SMALL(IF(data!$D$3:$D$16128='Лозeнец'!$B$1,ROW(data!$A$3:$A$16128)-ROW($A$3)+1),ROWS(C$4:C15))),"")} -> -2000 | D15: {=IF(ROWS(D$4:D15)<=$B$2,INDEX(data!E$3:E$16128,SMALL(IF(data!$D$3:$D$16128='Лозeнец'!$B$1,ROW(data!$A$3:$A$16128)-ROW($A$3)+1),ROWS(D$4:D15))),"")}
... A171: {=IF(ROWS(A$4:A171)<=$B$2,INDEX(data!C$3:C$16128,SMALL(IF(data!$D$3:$D$16128=$B$1,ROW(data!$A$3:$A$16128)-ROW($A$3)+1),ROWS(A$4:A171))),"")} | B171: {=IF(ROWS(B$4:B171)<=$B$2,INDEX(data!A$3:A$16128,SMALL(IF(data!$D$3:$D$16128='Лозeнец'!$B$1,ROW(data!$A$3:$A$16128)-ROW($A$3)+1),ROWS(B$4:B171))),"")} | C171: {=IF(ROWS(C$4:C171)<=$B$2,INDEX(data!B$3:B$16128,SMALL(IF(data!$D$3:$D$16128='Лозeнец'!$B$1,ROW(data!$A$3:$A$16128)-ROW($A$3)+1),ROWS(C$4:C171))),"")} | D171: {=IF(ROWS(D$4:D171)<=$B$2,INDEX(data!E$3:E$16128,SMALL(IF(data!$D$3:$D$16128='Лозeнец'!$B$1,ROW(data!$A$3:$A$16128)-ROW($A$3)+1),ROWS(D$4:D171))),"")}

Sheet Люлин
A1: Обект | B1: СМ Люлин | E1: C:C | F1: =SUM(C:C) -> -51661.014 | G1: 03,01,2026/11,15ч
A2: Брой съвпадения | B2: =COUNTIF(data!D:D,B1) -> 303 | E2: Начално с-до | F2: 114717.43
A3: Дата | B3: Артикул | C3: Стойност | D3: Забележка | E3: САЛДО | F3: =F1+F2 -> 63056.416
A4: {=IF(ROWS(A$4:A4)<=$B$2,INDEX(data!C$3:C$16128,SMALL(IF(data!$D$3:$D$16128='Люлин'!$B$1,ROW(data!$A$3:$A$16128)-ROW($A$3)+1),ROWS(A$4:A4))),"")} -> 44557 | B4: {=IF(ROWS(B$4:B4)<=$B$2,INDEX(data!A$3:A$16128,SMALL(IF(data!$D$3:$D$16128='Люлин'!$B$1,ROW(data!$A$3:$A$16128)-ROW($A$3)+1),ROWS(B$4:B4))),"")} -> MYPOS Бакалия | C4: {=IF(ROWS(C$4:C4)<=$B$2,INDEX(data!B$3:B$16128,SMALL(IF(data!$D$3:$D$16128='Люлин'!$B$1,ROW(data!$A$3:$A$16128)-ROW($A$3)+1),ROWS(C$4:C4))),"")} -> -0.01 | D4: {=IF(ROWS(D$4:D4)<=$B$2,INDEX(data!E$3:E$16128,SMALL(IF(data!$D$3:$D$16128='Люлин'!$B$1,ROW(data!$A$3:$A$16128)-ROW($A$3)+1),ROWS(D$4:D4))),"")}
A5: {=IF(ROWS(A$4:A5)<=$B$2,INDEX(data!C$3:C$16128,SMALL(IF(data!$D$3:$D$16128='Люлин'!$B$1,ROW(data!$A$3:$A$16128)-ROW($A$3)+1),ROWS(A$4:A5))),"")} -> 46025 | B5: {=IF(ROWS(B$4:B5)<=$B$2,INDEX(data!A$3:A$16128,SMALL(IF(data!$D$3:$D$16128='Люлин'!$B$1,ROW(data!$A$3:$A$16128)-ROW($A$3)+1),ROWS(B$4:B5))),"")} -> ЗАЕМ | C5: {=IF(ROWS(C$4:C5)<=$B$2,INDEX(data!B$3:B$16128,SMALL(IF(data!$D$3:$D$16128='Люлин'!$B$1,ROW(data!$A$3:$A$16128)-ROW($A$3)+1),ROWS(C$4:C5))),"")} -> 17370.17 | D5: {=IF(ROWS(D$4:D5)<=$B$2,INDEX(data!E$3:E$16128,SMALL(IF(data!$D$3:$D$16128='Люлин'!$B$1,ROW(data!$A$3:$A$16128)-ROW($A$3)+1),ROWS(D$4:D5))),"")} -> Салдо скл + вътр. п-не
A6: {=IF(ROWS(A$4:A6)<=$B$2,INDEX(data!C$3:C$16128,SMALL(IF(data!$D$3:$D$16128='Люлин'!$B$1,ROW(data!$A$3:$A$16128)-ROW($A$3)+1),ROWS(A$4:A6))),"")} -> 46027 | B6: {=IF(ROWS(B$4:B6)<=$B$2,INDEX(data!A$3:A$16128,SMALL(IF(data!$D$3:$D$16128='Люлин'!$B$1,ROW(data!$A$3:$A$16128)-ROW($A$3)+1),ROWS(B$4:B6))),"")} -> КАСОВА КНИГА | C6: {=IF(ROWS(C$4:C6)<=$B$2,INDEX(data!B$3:B$16128,SMALL(IF(data!$D$3:$D$16128='Люлин'!$B$1,ROW(data!$A$3:$A$16128)-ROW($A$3)+1),ROWS(C$4:C6))),"")} -> -3834.69 | D6: {=IF(ROWS(D$4:D6)<=$B$2,INDEX(data!E$3:E$16128,SMALL(IF(data!$D$3:$D$16128='Люлин'!$B$1,ROW(data!$A$3:$A$16128)-ROW($A$3)+1),ROWS(D$4:D6))),"")} -> банка 02.01
A7: {=IF(ROWS(A$4:A7)<=$B$2,INDEX(data!C$3:C$16128,SMALL(IF(data!$D$3:$D$16128='Люлин'!$B$1,ROW(data!$A$3:$A$16128)-ROW($A$3)+1),ROWS(A$4:A7))),"")} -> 46027 | B7: {=IF(ROWS(B$4:B7)<=$B$2,INDEX(data!A$3:A$16128,SMALL(IF(data!$D$3:$D$16128='Люлин'!$B$1,ROW(data!$A$3:$A$16128)-ROW($A$3)+1),ROWS(B$4:B7))),"")} -> MYPOS Бакалия | C7: {=IF(ROWS(C$4:C7)<=$B$2,INDEX(data!B$3:B$16128,SMALL(IF(data!$D$3:$D$16128='Люлин'!$B$1,ROW(data!$A$3:$A$16128)-ROW($A$3)+1),ROWS(C$4:C7))),"")} -> -1896.62 | D7: {=IF(ROWS(D$4:D7)<=$B$2,INDEX(data!E$3:E$16128,SMALL(IF(data!$D$3:$D$16128='Люлин'!$B$1,ROW(data!$A$3:$A$16128)-ROW($A$3)+1),ROWS(D$4:D7))),"")}
A8: {=IF(ROWS(A$4:A8)<=$B$2,INDEX(data!C$3:C$16128,SMALL(IF(data!$D$3:$D$16128='Люлин'!$B$1,ROW(data!$A$3:$A$16128)-ROW($A$3)+1),ROWS(A$4:A8))),"")} -> 46027 | B8: {=IF(ROWS(B$4:B8)<=$B$2,INDEX(data!A$3:A$16128,SMALL(IF(data!$D$3:$D$16128='Люлин'!$B$1,ROW(data!$A$3:$A$16128)-ROW($A$3)+1),ROWS(B$4:B8))),"")} -> КАСОВА КНИГА | C8: {=IF(ROWS(C$4:C8)<=$B$2,INDEX(data!B$3:B$16128,SMALL(IF(data!$D$3:$D$16128='Люлин'!$B$1,ROW(data!$A$3:$A$16128)-ROW($A$3)+1),ROWS(C$4:C8))),"")} -> -2556.46 | D8: {=IF(ROWS(D$4:D8)<=$B$2,INDEX(data!E$3:E$16128,SMALL(IF(data!$D$3:$D$16128='Люлин'!$B$1,ROW(data!$A$3:$A$16128)-ROW($A$3)+1),ROWS(D$4:D8))),"")}
A9: {=IF(ROWS(A$4:A9)<=$B$2,INDEX(data!C$3:C$16128,SMALL(IF(data!$D$3:$D$16128='Люлин'!$B$1,ROW(data!$A$3:$A$16128)-ROW($A$3)+1),ROWS(A$4:A9))),"")} -> 46027 | B9: {=IF(ROWS(B$4:B9)<=$B$2,INDEX(data!A$3:A$16128,SMALL(IF(data!$D$3:$D$16128='Люлин'!$B$1,ROW(data!$A$3:$A$16128)-ROW($A$3)+1),ROWS(B$4:B9))),"")} -> MYPOS Бакалия | C9: {=IF(ROWS(C$4:C9)<=$B$2,INDEX(data!B$3:B$16128,SMALL(IF(data!$D$3:$D$16128='Люлин'!$B$1,ROW(data!$A$3:$A$16128)-ROW($A$3)+1),ROWS(C$4:C9))),"")} -> -3375.12 | D9: {=IF(ROWS(D$4:D9)<=$B$2,INDEX(data!E$3:E$16128,SMALL(IF(data!$D$3:$D$16128='Люлин'!$B$1,ROW(data!$A$3:$A$16128)-ROW($A$3)+1),ROWS(D$4:D9))),"")} -> 29-31,12
A10: {=IF(ROWS(A$4:A10)<=$B$2,INDEX(data!C$3:C$16128,SMALL(IF(data!$D$3:$D$16128='Люлин'!$B$1,ROW(data!$A$3:$A$16128)-ROW($A$3)+1),ROWS(A$4:A10))),"")} -> 46027 | B10: {=IF(ROWS(B$4:B10)<=$B$2,INDEX(data!A$3:A$16128,SMALL(IF(data!$D$3:$D$16128='Люлин'!$B$1,ROW(data!$A$3:$A$16128)-ROW($A$3)+1),ROWS(B$4:B10))),"")} -> КАСОВА КНИГА | C10: {=IF(ROWS(C$4:C10)<=$B$2,INDEX(data!B$3:B$16128,SMALL(IF(data!$D$3:$D$16128='Люлин'!$B$1,ROW(data!$A$3:$A$16128)-ROW($A$3)+1),ROWS(C$4:C10))),"")} -> 7554 | D10: {=IF(ROWS(D$4:D10)<=$B$2,INDEX(data!E$3:E$16128,SMALL(IF(data!$D$3:$D$16128='Люлин'!$B$1,ROW(data!$A$3:$A$16128)-ROW($A$3)+1),ROWS(D$4:D10))),"")} -> евро
A11: {=IF(ROWS(A$4:A11)<=$B$2,INDEX(data!C$3:C$16128,SMALL(IF(data!$D$3:$D$16128='Люлин'!$B$1,ROW(data!$A$3:$A$16128)-ROW($A$3)+1),ROWS(A$4:A11))),"")} -> 46028 | B11: {=IF(ROWS(B$4:B11)<=$B$2,INDEX(data!A$3:A$16128,SMALL(IF(data!$D$3:$D$16128='Люлин'!$B$1,ROW(data!$A$3:$A$16128)-ROW($A$3)+1),ROWS(B$4:B11))),"")} -> КАСОВА КНИГА | C11: {=IF(ROWS(C$4:C11)<=$B$2,INDEX(data!B$3:B$16128,SMALL(IF(data!$D$3:$D$16128='Люлин'!$B$1,ROW(data!$A$3:$A$16128)-ROW($A$3)+1),ROWS(C$4:C11))),"")} -> -1022.58 | D11: {=IF(ROWS(D$4:D11)<=$B$2,INDEX(data!E$3:E$16128,SMALL(IF(data!$D$3:$D$16128='Люлин'!$B$1,ROW(data!$A$3:$A$16128)-ROW($A$3)+1),ROWS(D$4:D11))),"")}
A12: {=IF(ROWS(A$4:A12)<=$B$2,INDEX(data!C$3:C$16128,SMALL(IF(data!$D$3:$D$16128='Люлин'!$B$1,ROW(data!$A$3:$A$16128)-ROW($A$3)+1),ROWS(A$4:A12))),"")} -> 46028 | B12: {=IF(ROWS(B$4:B12)<=$B$2,INDEX(data!A$3:A$16128,SMALL(IF(data!$D$3:$D$16128='Люлин'!$B$1,ROW(data!$A$3:$A$16128)-ROW($A$3)+1),ROWS(B$4:B12))),"")} -> каса ФИКТИВНА | C12: {=IF(ROWS(C$4:C12)<=$B$2,INDEX(data!B$3:B$16128,SMALL(IF(data!$D$3:$D$16128='Люлин'!$B$1,ROW(data!$A$3:$A$16128)-ROW($A$3)+1),ROWS(C$4:C12))),"")} -> -200 | D12: {=IF(ROWS(D$4:D12)<=$B$2,INDEX(data!E$3:E$16128,SMALL(IF(data!$D$3:$D$16128='Люлин'!$B$1,ROW(data!$A$3:$A$16128)-ROW($A$3)+1),ROWS(D$4:D12))),"")} -> Спартак от премиите
A13: {=IF(ROWS(A$4:A13)<=$B$2,INDEX(data!C$3:C$16128,SMALL(IF(data!$D$3:$D$16128='Люлин'!$B$1,ROW(data!$A$3:$A$16128)-ROW($A$3)+1),ROWS(A$4:A13))),"")} -> 46029 | B13: {=IF(ROWS(B$4:B13)<=$B$2,INDEX(data!A$3:A$16128,SMALL(IF(data!$D$3:$D$16128='Люлин'!$B$1,ROW(data!$A$3:$A$16128)-ROW($A$3)+1),ROWS(B$4:B13))),"")} -> КАСОВА КНИГА | C13: {=IF(ROWS(C$4:C13)<=$B$2,INDEX(data!B$3:B$16128,SMALL(IF(data!$D$3:$D$16128='Люлин'!$B$1,ROW(data!$A$3:$A$16128)-ROW($A$3)+1),ROWS(C$4:C13))),"")} -> -511.29 | D13: {=IF(ROWS(D$4:D13)<=$B$2,INDEX(data!E$3:E$16128,SMALL(IF(data!$D$3:$D$16128='Люлин'!$B$1,ROW(data!$A$3:$A$16128)-ROW($A$3)+1),ROWS(D$4:D13))),"")}
A14: {=IF(ROWS(A$4:A14)<=$B$2,INDEX(data!C$3:C$16128,SMALL(IF(data!$D$3:$D$16128='Люлин'!$B$1,ROW(data!$A$3:$A$16128)-ROW($A$3)+1),ROWS(A$4:A14))),"")} -> 46029 | B14: {=IF(ROWS(B$4:B14)<=$B$2,INDEX(data!A$3:A$16128,SMALL(IF(data!$D$3:$D$16128='Люлин'!$B$1,ROW(data!$A$3:$A$16128)-ROW($A$3)+1),ROWS(B$4:B14))),"")} -> каса ФИКТИВНА | C14: {=IF(ROWS(C$4:C14)<=$B$2,INDEX(data!B$3:B$16128,SMALL(IF(data!$D$3:$D$16128='Люлин'!$B$1,ROW(data!$A$3:$A$16128)-ROW($A$3)+1),ROWS(C$4:C14))),"")} -> -75 | D14: {=IF(ROWS(D$4:D14)<=$B$2,INDEX(data!E$3:E$16128,SMALL(IF(data!$D$3:$D$16128='Люлин'!$B$1,ROW(data!$A$3:$A$16128)-ROW($A$3)+1),ROWS(D$4:D14))),"")} -> пазар Тихомир
A15: {=IF(ROWS(A$4:A15)<=$B$2,INDEX(data!C$3:C$16128,SMALL(IF(data!$D$3:$D$16128='Люлин'!$B$1,ROW(data!$A$3:$A$16128)-ROW($A$3)+1),ROWS(A$4:A15))),"")} -> 46030 | B15: {=IF(ROWS(B$4:B15)<=$B$2,INDEX(data!A$3:A$16128,SMALL(IF(data!$D$3:$D$16128='Люлин'!$B$1,ROW(data!$A$3:$A$16128)-ROW($A$3)+1),ROWS(B$4:B15))),"")} -> КАСОВА КНИГА | C15: {=IF(ROWS(C$4:C15)<=$B$2,INDEX(data!B$3:B$16128,SMALL(IF(data!$D$3:$D$16128='Люлин'!$B$1,ROW(data!$A$3:$A$16128)-ROW($A$3)+1),ROWS(C$4:C15))),"")} -> -511.29 | D15: {=IF(ROWS(D$4:D15)<=$B$2,INDEX(data!E$3:E$16128,SMALL(IF(data!$D$3:$D$16128='Люлин'!$B$1,ROW(data!$A$3:$A$16128)-ROW($A$3)+1),ROWS(D$4:D15))),"")}
... A310: {=IF(ROWS(A$4:A310)<=$B$2,INDEX(data!C$3:C$16128,SMALL(IF(data!$D$3:$D$16128='Люлин'!$B$1,ROW(data!$A$3:$A$16128)-ROW($A$3)+1),ROWS(A$4:A310))),"")} | B310: {=IF(ROWS(B$4:B310)<=$B$2,INDEX(data!A$3:A$16128,SMALL(IF(data!$D$3:$D$16128='Люлин'!$B$1,ROW(data!$A$3:$A$16128)-ROW($A$3)+1),ROWS(B$4:B310))),"")} | C310: {=IF(ROWS(C$4:C310)<=$B$2,INDEX(data!B$3:B$16128,SMALL(IF(data!$D$3:$D$16128='Люлин'!$B$1,ROW(data!$A$3:$A$16128)-ROW($A$3)+1),ROWS(C$4:C310))),"")} | D310: {=IF(ROWS(D$4:D310)<=$B$2,INDEX(data!E$3:E$16128,SMALL(IF(data!$D$3:$D$16128='Люлин'!$B$1,ROW(data!$A$3:$A$16128)-ROW($A$3)+1),ROWS(D$4:D310))),"")}

Sheet Манастирски
A1: Обект | B1: СМ МАНАСТИРСКИ ЛИВАДИ | E1: C:C | F1: =SUM(C:C) -> -19601.589 | G1: 03,01,2026/11,15ч
A2: Брой съвпадения | B2: =COUNTIF(data!D:D,B1) -> 115 | E2: Начално с-до | F2: 88852.23
A3: Дата | B3: Артикул | C3: Стойност | D3: Забележка | E3: САЛДО | F3: =F1+F2 -> 69250.641
A4: {=IF(ROWS(A$4:A4)<=$B$2,INDEX(data!C$3:C$16128,SMALL(IF(data!$D$3:$D$16128='Манастирски'!$B$1,ROW(data!$A$3:$A$16128)-ROW($A$3)+1),ROWS(A$4:A4))),"")} -> 44557 | B4: {=IF(ROWS(B$4:B4)<=$B$2,INDEX(data!A$3:A$16128,SMALL(IF(data!$D$3:$D$16128='Манастирски'!$B$1,ROW(data!$A$3:$A$16128)-ROW($A$3)+1),ROWS(B$4:B4))),"")} -> MYPOS Бакалия | C4: {=IF(ROWS(C$4:C4)<=$B$2,INDEX(data!B$3:B$16128,SMALL(IF(data!$D$3:$D$16128='Манастирски'!$B$1,ROW(data!$A$3:$A$16128)-ROW($A$3)+1),ROWS(C$4:C4))),"")} -> -0.01 | D4: {=IF(ROWS(D$4:D4)<=$B$2,INDEX(data!E$3:E$16128,SMALL(IF(data!$D$3:$D$16128='Манастирски'!$B$1,ROW(data!$A$3:$A$16128)-ROW($A$3)+1),ROWS(D$4:D4))),"")}
A5: {=IF(ROWS(A$4:A5)<=$B$2,INDEX(data!C$3:C$16128,SMALL(IF(data!$D$3:$D$16128='Манастирски'!$B$1,ROW(data!$A$3:$A$16128)-ROW($A$3)+1),ROWS(A$4:A5))),"")} -> 46025 | B5: {=IF(ROWS(B$4:B5)<=$B$2,INDEX(data!A$3:A$16128,SMALL(IF(data!$D$3:$D$16128='Манастирски'!$B$1,ROW(data!$A$3:$A$16128)-ROW($A$3)+1),ROWS(B$4:B5))),"")} -> ЗАЕМ | C5: {=IF(ROWS(C$4:C5)<=$B$2,INDEX(data!B$3:B$16128,SMALL(IF(data!$D$3:$D$16128='Манастирски'!$B$1,ROW(data!$A$3:$A$16128)-ROW($A$3)+1),ROWS(C$4:C5))),"")} -> 7756.37 | D5: {=IF(ROWS(D$4:D5)<=$B$2,INDEX(data!E$3:E$16128,SMALL(IF(data!$D$3:$D$16128='Манастирски'!$B$1,ROW(data!$A$3:$A$16128)-ROW($A$3)+1),ROWS(D$4:D5))),"")} -> Салдо скл + вътр. п-не
A6: {=IF(ROWS(A$4:A6)<=$B$2,INDEX(data!C$3:C$16128,SMALL(IF(data!$D$3:$D$16128='Манастирски'!$B$1,ROW(data!$A$3:$A$16128)-ROW($A$3)+1),ROWS(A$4:A6))),"")} -> 46027 | B6: {=IF(ROWS(B$4:B6)<=$B$2,INDEX(data!A$3:A$16128,SMALL(IF(data!$D$3:$D$16128='Манастирски'!$B$1,ROW(data!$A$3:$A$16128)-ROW($A$3)+1),ROWS(B$4:B6))),"")} -> КАСОВА КНИГА | C6: {=IF(ROWS(C$4:C6)<=$B$2,INDEX(data!B$3:B$16128,SMALL(IF(data!$D$3:$D$16128='Манастирски'!$B$1,ROW(data!$A$3:$A$16128)-ROW($A$3)+1),ROWS(C$4:C6))),"")} -> -511.29 | D6: {=IF(ROWS(D$4:D6)<=$B$2,INDEX(data!E$3:E$16128,SMALL(IF(data!$D$3:$D$16128='Манастирски'!$B$1,ROW(data!$A$3:$A$16128)-ROW($A$3)+1),ROWS(D$4:D6))),"")} -> банка 02.01
A7: {=IF(ROWS(A$4:A7)<=$B$2,INDEX(data!C$3:C$16128,SMALL(IF(data!$D$3:$D$16128='Манастирски'!$B$1,ROW(data!$A$3:$A$16128)-ROW($A$3)+1),ROWS(A$4:A7))),"")} -> 46027 | B7: {=IF(ROWS(B$4:B7)<=$B$2,INDEX(data!A$3:A$16128,SMALL(IF(data!$D$3:$D$16128='Манастирски'!$B$1,ROW(data!$A$3:$A$16128)-ROW($A$3)+1),ROWS(B$4:B7))),"")} -> MYPOS Бакалия | C7: {=IF(ROWS(C$4:C7)<=$B$2,INDEX(data!B$3:B$16128,SMALL(IF(data!$D$3:$D$16128='Манастирски'!$B$1,ROW(data!$A$3:$A$16128)-ROW($A$3)+1),ROWS(C$4:C7))),"")} -> -2263.17 | D7: {=IF(ROWS(D$4:D7)<=$B$2,INDEX(data!E$3:E$16128,SMALL(IF(data!$D$3:$D$16128='Манастирски'!$B$1,ROW(data!$A$3:$A$16128)-ROW($A$3)+1),ROWS(D$4:D7))),"")}
A8: {=IF(ROWS(A$4:A8)<=$B$2,INDEX(data!C$3:C$16128,SMALL(IF(data!$D$3:$D$16128='Манастирски'!$B$1,ROW(data!$A$3:$A$16128)-ROW($A$3)+1),ROWS(A$4:A8))),"")} -> 46027 | B8: {=IF(ROWS(B$4:B8)<=$B$2,INDEX(data!A$3:A$16128,SMALL(IF(data!$D$3:$D$16128='Манастирски'!$B$1,ROW(data!$A$3:$A$16128)-ROW($A$3)+1),ROWS(B$4:B8))),"")} -> КАСОВА КНИГА | C8: {=IF(ROWS(C$4:C8)<=$B$2,INDEX(data!B$3:B$16128,SMALL(IF(data!$D$3:$D$16128='Манастирски'!$B$1,ROW(data!$A$3:$A$16128)-ROW($A$3)+1),ROWS(C$4:C8))),"")} -> -1022.58 | D8: {=IF(ROWS(D$4:D8)<=$B$2,INDEX(data!E$3:E$16128,SMALL(IF(data!$D$3:$D$16128='Манастирски'!$B$1,ROW(data!$A$3:$A$16128)-ROW($A$3)+1),ROWS(D$4:D8))),"")}
A9: {=IF(ROWS(A$4:A9)<=$B$2,INDEX(data!C$3:C$16128,SMALL(IF(data!$D$3:$D$16128='Манастирски'!$B$1,ROW(data!$A$3:$A$16128)-ROW($A$3)+1),ROWS(A$4:A9))),"")} -> 46027 | B9: {=IF(ROWS(B$4:B9)<=$B$2,INDEX(data!A$3:A$16128,SMALL(IF(data!$D$3:$D$16128='Манастирски'!$B$1,ROW(data!$A$3:$A$16128)-ROW($A$3)+1),ROWS(B$4:B9))),"")} -> MYPOS Бакалия | C9: {=IF(ROWS(C$4:C9)<=$B$2,INDEX(data!B$3:B$16128,SMALL(IF(data!$D$3:$D$16128='Манастирски'!$B$1,ROW(data!$A$3:$A$16128)-ROW($A$3)+1),ROWS(C$4:C9))),"")} -> -1649.87 | D9: {=IF(ROWS(D$4:D9)<=$B$2,INDEX(data!E$3:E$16128,SMALL(IF(data!$D$3:$D$16128='Манастирски'!$B$1,ROW(data!$A$3:$A$16128)-ROW($A$3)+1),ROWS(D$4:D9))),"")} -> 29-31,12
A10: {=IF(ROWS(A$4:A10)<=$B$2,INDEX(data!C$3:C$16128,SMALL(IF(data!$D$3:$D$16128='Манастирски'!$B$1,ROW(data!$A$3:$A$16128)-ROW($A$3)+1),ROWS(A$4:A10))),"")} -> 46027 | B10: {=IF(ROWS(B$4:B10)<=$B$2,INDEX(data!A$3:A$16128,SMALL(IF(data!$D$3:$D$16128='Манастирски'!$B$1,ROW(data!$A$3:$A$16128)-ROW($A$3)+1),ROWS(B$4:B10))),"")} -> КАСОВА КНИГА | C10: {=IF(ROWS(C$4:C10)<=$B$2,INDEX(data!B$3:B$16128,SMALL(IF(data!$D$3:$D$16128='Манастирски'!$B$1,ROW(data!$A$3:$A$16128)-ROW($A$3)+1),ROWS(C$4:C10))),"")} -> 3110 | D10: {=IF(ROWS(D$4:D10)<=$B$2,INDEX(data!E$3:E$16128,SMALL(IF(data!$D$3:$D$16128='Манастирски'!$B$1,ROW(data!$A$3:$A$16128)-ROW($A$3)+1),ROWS(D$4:D10))),"")} -> евро
A11: {=IF(ROWS(A$4:A11)<=$B$2,INDEX(data!C$3:C$16128,SMALL(IF(data!$D$3:$D$16128='Манастирски'!$B$1,ROW(data!$A$3:$A$16128)-ROW($A$3)+1),ROWS(A$4:A11))),"")} -> 46029 | B11: {=IF(ROWS(B$4:B11)<=$B$2,INDEX(data!A$3:A$16128,SMALL(IF(data!$D$3:$D$16128='Манастирски'!$B$1,ROW(data!$A$3:$A$16128)-ROW($A$3)+1),ROWS(B$4:B11))),"")} -> каса ФИКТИВНА | C11: {=IF(ROWS(C$4:C11)<=$B$2,INDEX(data!B$3:B$16128,SMALL(IF(data!$D$3:$D$16128='Манастирски'!$B$1,ROW(data!$A$3:$A$16128)-ROW($A$3)+1),ROWS(C$4:C11))),"")} -> -260 | D11: {=IF(ROWS(D$4:D11)<=$B$2,INDEX(data!E$3:E$16128,SMALL(IF(data!$D$3:$D$16128='Манастирски'!$B$1,ROW(data!$A$3:$A$16128)-ROW($A$3)+1),ROWS(D$4:D11))),"")} -> Краси от премиите
A12: {=IF(ROWS(A$4:A12)<=$B$2,INDEX(data!C$3:C$16128,SMALL(IF(data!$D$3:$D$16128='Манастирски'!$B$1,ROW(data!$A$3:$A$16128)-ROW($A$3)+1),ROWS(A$4:A12))),"")} -> 46034 | B12: {=IF(ROWS(B$4:B12)<=$B$2,INDEX(data!A$3:A$16128,SMALL(IF(data!$D$3:$D$16128='Манастирски'!$B$1,ROW(data!$A$3:$A$16128)-ROW($A$3)+1),ROWS(B$4:B12))),"")} -> КАСОВА КНИГА | C12: {=IF(ROWS(C$4:C12)<=$B$2,INDEX(data!B$3:B$16128,SMALL(IF(data!$D$3:$D$16128='Манастирски'!$B$1,ROW(data!$A$3:$A$16128)-ROW($A$3)+1),ROWS(C$4:C12))),"")} -> -1000.65 | D12: {=IF(ROWS(D$4:D12)<=$B$2,INDEX(data!E$3:E$16128,SMALL(IF(data!$D$3:$D$16128='Манастирски'!$B$1,ROW(data!$A$3:$A$16128)-ROW($A$3)+1),ROWS(D$4:D12))),"")}
A13: {=IF(ROWS(A$4:A13)<=$B$2,INDEX(data!C$3:C$16128,SMALL(IF(data!$D$3:$D$16128='Манастирски'!$B$1,ROW(data!$A$3:$A$16128)-ROW($A$3)+1),ROWS(A$4:A13))),"")} -> 46035 | B13: {=IF(ROWS(B$4:B13)<=$B$2,INDEX(data!A$3:A$16128,SMALL(IF(data!$D$3:$D$16128='Манастирски'!$B$1,ROW(data!$A$3:$A$16128)-ROW($A$3)+1),ROWS(B$4:B13))),"")} -> MYPOS Бакалия | C13: {=IF(ROWS(C$4:C13)<=$B$2,INDEX(data!B$3:B$16128,SMALL(IF(data!$D$3:$D$16128='Манастирски'!$B$1,ROW(data!$A$3:$A$16128)-ROW($A$3)+1),ROWS(C$4:C13))),"")} -> -4456.32 | D13: {=IF(ROWS(D$4:D13)<=$B$2,INDEX(data!E$3:E$16128,SMALL(IF(data!$D$3:$D$16128='Манастирски'!$B$1,ROW(data!$A$3:$A$16128)-ROW($A$3)+1),ROWS(D$4:D13))),"")}
A14: {=IF(ROWS(A$4:A14)<=$B$2,INDEX(data!C$3:C$16128,SMALL(IF(data!$D$3:$D$16128='Манастирски'!$B$1,ROW(data!$A$3:$A$16128)-ROW($A$3)+1),ROWS(A$4:A14))),"")} -> 46036 | B14: {=IF(ROWS(B$4:B14)<=$B$2,INDEX(data!A$3:A$16128,SMALL(IF(data!$D$3:$D$16128='Манастирски'!$B$1,ROW(data!$A$3:$A$16128)-ROW($A$3)+1),ROWS(B$4:B14))),"")} -> КАСОВА КНИГА | C14: {=IF(ROWS(C$4:C14)<=$B$2,INDEX(data!B$3:B$16128,SMALL(IF(data!$D$3:$D$16128='Манастирски'!$B$1,ROW(data!$A$3:$A$16128)-ROW($A$3)+1),ROWS(C$4:C14))),"")} -> -600 | D14: {=IF(ROWS(D$4:D14)<=$B$2,INDEX(data!E$3:E$16128,SMALL(IF(data!$D$3:$D$16128='Манастирски'!$B$1,ROW(data!$A$3:$A$16128)-ROW($A$3)+1),ROWS(D$4:D14))),"")}
A15: {=IF(ROWS(A$4:A15)<=$B$2,INDEX(data!C$3:C$16128,SMALL(IF(data!$D$3:$D$16128='Манастирски'!$B$1,ROW(data!$A$3:$A$16128)-ROW($A$3)+1),ROWS(A$4:A15))),"")} -> 46038 | B15: {=IF(ROWS(B$4:B15)<=$B$2,INDEX(data!A$3:A$16128,SMALL(IF(data!$D$3:$D$16128='Манастирски'!$B$1,ROW(data!$A$3:$A$16128)-ROW($A$3)+1),ROWS(B$4:B15))),"")} -> КАСОВА КНИГА | C15: {=IF(ROWS(C$4:C15)<=$B$2,INDEX(data!B$3:B$16128,SMALL(IF(data!$D$3:$D$16128='Манастирски'!$B$1,ROW(data!$A$3:$A$16128)-ROW($A$3)+1),ROWS(C$4:C15))),"")} -> -255.65 | D15: {=IF(ROWS(D$4:D15)<=$B$2,INDEX(data!E$3:E$16128,SMALL(IF(data!$D$3:$D$16128='Манастирски'!$B$1,ROW(data!$A$3:$A$16128)-ROW($A$3)+1),ROWS(D$4:D15))),"")}
... A125: {=IF(ROWS(A$4:A125)<=$B$2,INDEX(data!C$3:C$16128,SMALL(IF(data!$D$3:$D$16128='Манастирски'!$B$1,ROW(data!$A$3:$A$16128)-ROW($A$3)+1),ROWS(A$4:A125))),"")} | B125: {=IF(ROWS(B$4:B125)<=$B$2,INDEX(data!A$3:A$16128,SMALL(IF(data!$D$3:$D$16128='Манастирски'!$B$1,ROW(data!$A$3:$A$16128)-ROW($A$3)+1),ROWS(B$4:B125))),"")} | C125: {=IF(ROWS(C$4:C125)<=$B$2,INDEX(data!B$3:B$16128,SMALL(IF(data!$D$3:$D$16128='Манастирски'!$B$1,ROW(data!$A$3:$A$16128)-ROW($A$3)+1),ROWS(C$4:C125))),"")} | D125: {=IF(ROWS(D$4:D125)<=$B$2,INDEX(data!E$3:E$16128,SMALL(IF(data!$D$3:$D$16128='Манастирски'!$B$1,ROW(data!$A$3:$A$16128)-ROW($A$3)+1),ROWS(D$4:D125))),"")}

Sheet Надежда
A1: Обект | B1: СМ Надежда | E1: C:C | F1: =SUM(C:C) -> -30020.446 | G1: 03,01,2026/11,15ч
A2: Брой съвпадения | B2: =COUNTIF(data!D:D,B1) -> 200 | E2: Начално с-до: | F2: 142580.75
A3: Дата | B3: Артикул | C3: Стойност | D3: Забележка | E3: САЛДО: | F3: =F1+F2 -> 112560.3
A4: {=IF(ROWS(A$4:A4)<=$B$2,INDEX(data!C$3:C$16128,SMALL(IF(data!$D$3:$D$16128='Надежда'!$B$1,ROW(data!$A$3:$A$16128)-ROW($A$3)+1),ROWS(A$4:A4))),"")} -> 44557 | B4: {=IF(ROWS(B$4:B4)<=$B$2,INDEX(data!A$3:A$16128,SMALL(IF(data!$D$3:$D$16128='Надежда'!$B$1,ROW(data!$A$3:$A$16128)-ROW($A$3)+1),ROWS(B$4:B4))),"")} -> MYPOS Бакалия | C4: {=IF(ROWS(C$4:C4)<=$B$2,INDEX(data!B$3:B$16128,SMALL(IF(data!$D$3:$D$16128='Надежда'!$B$1,ROW(data!$A$3:$A$16128)-ROW($A$3)+1),ROWS(C$4:C4))),"")} -> -0.01 | D4: {=IF(ROWS(D$4:D4)<=$B$2,INDEX(data!E$3:E$16128,SMALL(IF(data!$D$3:$D$16128='Надежда'!$B$1,ROW(data!$A$3:$A$16128)-ROW($A$3)+1),ROWS(D$4:D4))),"")}
A5: {=IF(ROWS(A$4:A5)<=$B$2,INDEX(data!C$3:C$16128,SMALL(IF(data!$D$3:$D$16128='Надежда'!$B$1,ROW(data!$A$3:$A$16128)-ROW($A$3)+1),ROWS(A$4:A5))),"")} -> 46025 | B5: {=IF(ROWS(B$4:B5)<=$B$2,INDEX(data!A$3:A$16128,SMALL(IF(data!$D$3:$D$16128='Надежда'!$B$1,ROW(data!$A$3:$A$16128)-ROW($A$3)+1),ROWS(B$4:B5))),"")} -> ЗАЕМ | C5: {=IF(ROWS(C$4:C5)<=$B$2,INDEX(data!B$3:B$16128,SMALL(IF(data!$D$3:$D$16128='Надежда'!$B$1,ROW(data!$A$3:$A$16128)-ROW($A$3)+1),ROWS(C$4:C5))),"")} -> 13260.68 | D5: {=IF(ROWS(D$4:D5)<=$B$2,INDEX(data!E$3:E$16128,SMALL(IF(data!$D$3:$D$16128='Надежда'!$B$1,ROW(data!$A$3:$A$16128)-ROW($A$3)+1),ROWS(D$4:D5))),"")} -> Салдо скл + вътр. п-не
A6: {=IF(ROWS(A$4:A6)<=$B$2,INDEX(data!C$3:C$16128,SMALL(IF(data!$D$3:$D$16128='Надежда'!$B$1,ROW(data!$A$3:$A$16128)-ROW($A$3)+1),ROWS(A$4:A6))),"")} -> 46027 | B6: {=IF(ROWS(B$4:B6)<=$B$2,INDEX(data!A$3:A$16128,SMALL(IF(data!$D$3:$D$16128='Надежда'!$B$1,ROW(data!$A$3:$A$16128)-ROW($A$3)+1),ROWS(B$4:B6))),"")} -> КАСОВА КНИГА | C6: {=IF(ROWS(C$4:C6)<=$B$2,INDEX(data!B$3:B$16128,SMALL(IF(data!$D$3:$D$16128='Надежда'!$B$1,ROW(data!$A$3:$A$16128)-ROW($A$3)+1),ROWS(C$4:C6))),"")} -> -1533.88 | D6: {=IF(ROWS(D$4:D6)<=$B$2,INDEX(data!E$3:E$16128,SMALL(IF(data!$D$3:$D$16128='Надежда'!$B$1,ROW(data!$A$3:$A$16128)-ROW($A$3)+1),ROWS(D$4:D6))),"")} -> банка 02.01
A7: {=IF(ROWS(A$4:A7)<=$B$2,INDEX(data!C$3:C$16128,SMALL(IF(data!$D$3:$D$16128='Надежда'!$B$1,ROW(data!$A$3:$A$16128)-ROW($A$3)+1),ROWS(A$4:A7))),"")} -> 46027 | B7: {=IF(ROWS(B$4:B7)<=$B$2,INDEX(data!A$3:A$16128,SMALL(IF(data!$D$3:$D$16128='Надежда'!$B$1,ROW(data!$A$3:$A$16128)-ROW($A$3)+1),ROWS(B$4:B7))),"")} -> КАСОВА КНИГА | C7: {=IF(ROWS(C$4:C7)<=$B$2,INDEX(data!B$3:B$16128,SMALL(IF(data!$D$3:$D$16128='Надежда'!$B$1,ROW(data!$A$3:$A$16128)-ROW($A$3)+1),ROWS(C$4:C7))),"")} -> -2556.46 | D7: {=IF(ROWS(D$4:D7)<=$B$2,INDEX(data!E$3:E$16128,SMALL(IF(data!$D$3:$D$16128='Надежда'!$B$1,ROW(data!$A$3:$A$16128)-ROW($A$3)+1),ROWS(D$4:D7))),"")} -> банка 03.01
A8: {=IF(ROWS(A$4:A8)<=$B$2,INDEX(data!C$3:C$16128,SMALL(IF(data!$D$3:$D$16128='Надежда'!$B$1,ROW(data!$A$3:$A$16128)-ROW($A$3)+1),ROWS(A$4:A8))),"")} -> 46027 | B8: {=IF(ROWS(B$4:B8)<=$B$2,INDEX(data!A$3:A$16128,SMALL(IF(data!$D$3:$D$16128='Надежда'!$B$1,ROW(data!$A$3:$A$16128)-ROW($A$3)+1),ROWS(B$4:B8))),"")} -> MYPOS Бакалия | C8: {=IF(ROWS(C$4:C8)<=$B$2,INDEX(data!B$3:B$16128,SMALL(IF(data!$D$3:$D$16128='Надежда'!$B$1,ROW(data!$A$3:$A$16128)-ROW($A$3)+1),ROWS(C$4:C8))),"")} -> -1530.29 | D8: {=IF(ROWS(D$4:D8)<=$B$2,INDEX(data!E$3:E$16128,SMALL(IF(data!$D$3:$D$16128='Надежда'!$B$1,ROW(data!$A$3:$A$16128)-ROW($A$3)+1),ROWS(D$4:D8))),"")}
A9: {=IF(ROWS(A$4:A9)<=$B$2,INDEX(data!C$3:C$16128,SMALL(IF(data!$D$3:$D$16128='Надежда'!$B$1,ROW(data!$A$3:$A$16128)-ROW($A$3)+1),ROWS(A$4:A9))),"")} -> 46027 | B9: {=IF(ROWS(B$4:B9)<=$B$2,INDEX(data!A$3:A$16128,SMALL(IF(data!$D$3:$D$16128='Надежда'!$B$1,ROW(data!$A$3:$A$16128)-ROW($A$3)+1),ROWS(B$4:B9))),"")} -> каса ФИКТИВНА | C9: {=IF(ROWS(C$4:C9)<=$B$2,INDEX(data!B$3:B$16128,SMALL(IF(data!$D$3:$D$16128='Надежда'!$B$1,ROW(data!$A$3:$A$16128)-ROW($A$3)+1),ROWS(C$4:C9))),"")} -> -176.4 | D9: {=IF(ROWS(D$4:D9)<=$B$2,INDEX(data!E$3:E$16128,SMALL(IF(data!$D$3:$D$16128='Надежда'!$B$1,ROW(data!$A$3:$A$16128)-ROW($A$3)+1),ROWS(D$4:D9))),"")} -> 2 колета Милена
A10: {=IF(ROWS(A$4:A10)<=$B$2,INDEX(data!C$3:C$16128,SMALL(IF(data!$D$3:$D$16128='Надежда'!$B$1,ROW(data!$A$3:$A$16128)-ROW($A$3)+1),ROWS(A$4:A10))),"")} -> 46027 | B10: {=IF(ROWS(B$4:B10)<=$B$2,INDEX(data!A$3:A$16128,SMALL(IF(data!$D$3:$D$16128='Надежда'!$B$1,ROW(data!$A$3:$A$16128)-ROW($A$3)+1),ROWS(B$4:B10))),"")} -> MYPOS Бакалия | C10: {=IF(ROWS(C$4:C10)<=$B$2,INDEX(data!B$3:B$16128,SMALL(IF(data!$D$3:$D$16128='Надежда'!$B$1,ROW(data!$A$3:$A$16128)-ROW($A$3)+1),ROWS(C$4:C10))),"")} -> -2004.8 | D10: {=IF(ROWS(D$4:D10)<=$B$2,INDEX(data!E$3:E$16128,SMALL(IF(data!$D$3:$D$16128='Надежда'!$B$1,ROW(data!$A$3:$A$16128)-ROW($A$3)+1),ROWS(D$4:D10))),"")} -> 29-31,12
A11: {=IF(ROWS(A$4:A11)<=$B$2,INDEX(data!C$3:C$16128,SMALL(IF(data!$D$3:$D$16128='Надежда'!$B$1,ROW(data!$A$3:$A$16128)-ROW($A$3)+1),ROWS(A$4:A11))),"")} -> 46027 | B11: {=IF(ROWS(B$4:B11)<=$B$2,INDEX(data!A$3:A$16128,SMALL(IF(data!$D$3:$D$16128='Надежда'!$B$1,ROW(data!$A$3:$A$16128)-ROW($A$3)+1),ROWS(B$4:B11))),"")} -> КАСОВА КНИГА | C11: {=IF(ROWS(C$4:C11)<=$B$2,INDEX(data!B$3:B$16128,SMALL(IF(data!$D$3:$D$16128='Надежда'!$B$1,ROW(data!$A$3:$A$16128)-ROW($A$3)+1),ROWS(C$4:C11))),"")} -> 7665 | D11: {=IF(ROWS(D$4:D11)<=$B$2,INDEX(data!E$3:E$16128,SMALL(IF(data!$D$3:$D$16128='Надежда'!$B$1,ROW(data!$A$3:$A$16128)-ROW($A$3)+1),ROWS(D$4:D11))),"")} -> евро
A12: {=IF(ROWS(A$4:A12)<=$B$2,INDEX(data!C$3:C$16128,SMALL(IF(data!$D$3:$D$16128='Надежда'!$B$1,ROW(data!$A$3:$A$16128)-ROW($A$3)+1),ROWS(A$4:A12))),"")} -> 46028 | B12: {=IF(ROWS(B$4:B12)<=$B$2,INDEX(data!A$3:A$16128,SMALL(IF(data!$D$3:$D$16128='Надежда'!$B$1,ROW(data!$A$3:$A$16128)-ROW($A$3)+1),ROWS(B$4:B12))),"")} -> ДСК Бакалия | C12: {=IF(ROWS(C$4:C12)<=$B$2,INDEX(data!B$3:B$16128,SMALL(IF(data!$D$3:$D$16128='Надежда'!$B$1,ROW(data!$A$3:$A$16128)-ROW($A$3)+1),ROWS(C$4:C12))),"")} -> -1533.88 | D12: {=IF(ROWS(D$4:D12)<=$B$2,INDEX(data!E$3:E$16128,SMALL(IF(data!$D$3:$D$16128='Надежда'!$B$1,ROW(data!$A$3:$A$16128)-ROW($A$3)+1),ROWS(D$4:D12))),"")}
A13: {=IF(ROWS(A$4:A13)<=$B$2,INDEX(data!C$3:C$16128,SMALL(IF(data!$D$3:$D$16128='Надежда'!$B$1,ROW(data!$A$3:$A$16128)-ROW($A$3)+1),ROWS(A$4:A13))),"")} -> 46029 | B13: {=IF(ROWS(B$4:B13)<=$B$2,INDEX(data!A$3:A$16128,SMALL(IF(data!$D$3:$D$16128='Надежда'!$B$1,ROW(data!$A$3:$A$16128)-ROW($A$3)+1),ROWS(B$4:B13))),"")} -> КАСОВА КНИГА | C13: {=IF(ROWS(C$4:C13)<=$B$2,INDEX(data!B$3:B$16128,SMALL(IF(data!$D$3:$D$16128='Надежда'!$B$1,ROW(data!$A$3:$A$16128)-ROW($A$3)+1),ROWS(C$4:C13))),"")} -> -1533.88 | D13: {=IF(ROWS(D$4:D13)<=$B$2,INDEX(data!E$3:E$16128,SMALL(IF(data!$D$3:$D$16128='Надежда'!$B$1,ROW(data!$A$3:$A$16128)-ROW($A$3)+1),ROWS(D$4:D13))),"")}
A14: {=IF(ROWS(A$4:A14)<=$B$2,INDEX(data!C$3:C$16128,SMALL(IF(data!$D$3:$D$16128='Надежда'!$B$1,ROW(data!$A$3:$A$16128)-ROW($A$3)+1),ROWS(A$4:A14))),"")} -> 46030 | B14: {=IF(ROWS(B$4:B14)<=$B$2,INDEX(data!A$3:A$16128,SMALL(IF(data!$D$3:$D$16128='Надежда'!$B$1,ROW(data!$A$3:$A$16128)-ROW($A$3)+1),ROWS(B$4:B14))),"")} -> каса ФИКТИВНА | C14: {=IF(ROWS(C$4:C14)<=$B$2,INDEX(data!B$3:B$16128,SMALL(IF(data!$D$3:$D$16128='Надежда'!$B$1,ROW(data!$A$3:$A$16128)-ROW($A$3)+1),ROWS(C$4:C14))),"")} -> -27.1 | D14: {=IF(ROWS(D$4:D14)<=$B$2,INDEX(data!E$3:E$16128,SMALL(IF(data!$D$3:$D$16128='Надежда'!$B$1,ROW(data!$A$3:$A$16128)-ROW($A$3)+1),ROWS(D$4:D14))),"")} -> колет Милена
A15: {=IF(ROWS(A$4:A15)<=$B$2,INDEX(data!C$3:C$16128,SMALL(IF(data!$D$3:$D$16128='Надежда'!$B$1,ROW(data!$A$3:$A$16128)-ROW($A$3)+1),ROWS(A$4:A15))),"")} -> 46031 | B15: {=IF(ROWS(B$4:B15)<=$B$2,INDEX(data!A$3:A$16128,SMALL(IF(data!$D$3:$D$16128='Надежда'!$B$1,ROW(data!$A$3:$A$16128)-ROW($A$3)+1),ROWS(B$4:B15))),"")} -> КАСОВА КНИГА | C15: {=IF(ROWS(C$4:C15)<=$B$2,INDEX(data!B$3:B$16128,SMALL(IF(data!$D$3:$D$16128='Надежда'!$B$1,ROW(data!$A$3:$A$16128)-ROW($A$3)+1),ROWS(C$4:C15))),"")} -> -4000 | D15: {=IF(ROWS(D$4:D15)<=$B$2,INDEX(data!E$3:E$16128,SMALL(IF(data!$D$3:$D$16128='Надежда'!$B$1,ROW(data!$A$3:$A$16128)-ROW($A$3)+1),ROWS(D$4:D15))),"")}
... A214: {=IF(ROWS(A$4:A214)<=$B$2,INDEX(data!C$3:C$16128,SMALL(IF(data!$D$3:$D$16128='Надежда'!$B$1,ROW(data!$A$3:$A$16128)-ROW($A$3)+1),ROWS(A$4:A214))),"")} | B214: {=IF(ROWS(B$4:B214)<=$B$2,INDEX(data!A$3:A$16128,SMALL(IF(data!$D$3:$D$16128='Надежда'!$B$1,ROW(data!$A$3:$A$16128)-ROW($A$3)+1),ROWS(B$4:B214))),"")} | C214: {=IF(ROWS(C$4:C214)<=$B$2,INDEX(data!B$3:B$16128,SMALL(IF(data!$D$3:$D$16128='Надежда'!$B$1,ROW(data!$A$3:$A$16128)-ROW($A$3)+1),ROWS(C$4:C214))),"")} | D214: {=IF(ROWS(D$4:D214)<=$B$2,INDEX(data!E$3:E$16128,SMALL(IF(data!$D$3:$D$16128='Надежда'!$B$1,ROW(data!$A$3:$A$16128)-ROW($A$3)+1),ROWS(D$4:D214))),"")}

Sheet Обеля
A1: Обект | B1: СМ Обеля | E1: C:C | F1: =SUM(C:C) -> -106045.25 | G1: 03,01,2026/11,15ч
A2: Брой съвпадения | B2: =COUNTIF(data!D:D,B1) -> 149 | E2: Начално с-до | F2: 187037.97
A3: Дата | B3: Артикул | C3: Стойност | D3: Забележка | E3: САЛДО | F3: =F1+F2 -> 80992.721
A4: {=IF(ROWS(A$4:A4)<=$B$2,INDEX(data!C$3:C$16128,SMALL(IF(data!$D$3:$D$16128='Обеля'!$B$1,ROW(data!$A$3:$A$16128)-ROW($A$3)+1),ROWS(A$4:A4))),"")} -> 44557 | B4: {=IF(ROWS(B$4:B4)<=$B$2,INDEX(data!A$3:A$16128,SMALL(IF(data!$D$3:$D$16128='Обеля'!$B$1,ROW(data!$A$3:$A$16128)-ROW($A$3)+1),ROWS(B$4:B4))),"")} -> MYPOS Бакалия | C4: {=IF(ROWS(C$4:C4)<=$B$2,INDEX(data!B$3:B$16128,SMALL(IF(data!$D$3:$D$16128='Обеля'!$B$1,ROW(data!$A$3:$A$16128)-ROW($A$3)+1),ROWS(C$4:C4))),"")} -> -0.01 | D4: {=IF(ROWS(D$4:D4)<=$B$2,INDEX(data!E$3:E$16128,SMALL(IF(data!$D$3:$D$16128='Обеля'!$B$1,ROW(data!$A$3:$A$16128)-ROW($A$3)+1),ROWS(D$4:D4))),"")}
A5: {=IF(ROWS(A$4:A5)<=$B$2,INDEX(data!C$3:C$16128,SMALL(IF(data!$D$3:$D$16128='Обеля'!$B$1,ROW(data!$A$3:$A$16128)-ROW($A$3)+1),ROWS(A$4:A5))),"")} -> 46025 | B5: {=IF(ROWS(B$4:B5)<=$B$2,INDEX(data!A$3:A$16128,SMALL(IF(data!$D$3:$D$16128='Обеля'!$B$1,ROW(data!$A$3:$A$16128)-ROW($A$3)+1),ROWS(B$4:B5))),"")} -> ЗАЕМ | C5: {=IF(ROWS(C$4:C5)<=$B$2,INDEX(data!B$3:B$16128,SMALL(IF(data!$D$3:$D$16128='Обеля'!$B$1,ROW(data!$A$3:$A$16128)-ROW($A$3)+1),ROWS(C$4:C5))),"")} -> 13325.9 | D5: {=IF(ROWS(D$4:D5)<=$B$2,INDEX(data!E$3:E$16128,SMALL(IF(data!$D$3:$D$16128='Обеля'!$B$1,ROW(data!$A$3:$A$16128)-ROW($A$3)+1),ROWS(D$4:D5))),"")} -> Салдо скл + вътр. п-не
A6: {=IF(ROWS(A$4:A6)<=$B$2,INDEX(data!C$3:C$16128,SMALL(IF(data!$D$3:$D$16128='Обеля'!$B$1,ROW(data!$A$3:$A$16128)-ROW($A$3)+1),ROWS(A$4:A6))),"")} -> 46027 | B6: {=IF(ROWS(B$4:B6)<=$B$2,INDEX(data!A$3:A$16128,SMALL(IF(data!$D$3:$D$16128='Обеля'!$B$1,ROW(data!$A$3:$A$16128)-ROW($A$3)+1),ROWS(B$4:B6))),"")} -> КАСОВА КНИГА | C6: {=IF(ROWS(C$4:C6)<=$B$2,INDEX(data!B$3:B$16128,SMALL(IF(data!$D$3:$D$16128='Обеля'!$B$1,ROW(data!$A$3:$A$16128)-ROW($A$3)+1),ROWS(C$4:C6))),"")} -> -6618.16 | D6: {=IF(ROWS(D$4:D6)<=$B$2,INDEX(data!E$3:E$16128,SMALL(IF(data!$D$3:$D$16128='Обеля'!$B$1,ROW(data!$A$3:$A$16128)-ROW($A$3)+1),ROWS(D$4:D6))),"")} -> банка 02.01
A7: {=IF(ROWS(A$4:A7)<=$B$2,INDEX(data!C$3:C$16128,SMALL(IF(data!$D$3:$D$16128='Обеля'!$B$1,ROW(data!$A$3:$A$16128)-ROW($A$3)+1),ROWS(A$4:A7))),"")} -> 46027 | B7: {=IF(ROWS(B$4:B7)<=$B$2,INDEX(data!A$3:A$16128,SMALL(IF(data!$D$3:$D$16128='Обеля'!$B$1,ROW(data!$A$3:$A$16128)-ROW($A$3)+1),ROWS(B$4:B7))),"")} -> MYPOS Бакалия | C7: {=IF(ROWS(C$4:C7)<=$B$2,INDEX(data!B$3:B$16128,SMALL(IF(data!$D$3:$D$16128='Обеля'!$B$1,ROW(data!$A$3:$A$16128)-ROW($A$3)+1),ROWS(C$4:C7))),"")} -> -1106.79 | D7: {=IF(ROWS(D$4:D7)<=$B$2,INDEX(data!E$3:E$16128,SMALL(IF(data!$D$3:$D$16128='Обеля'!$B$1,ROW(data!$A$3:$A$16128)-ROW($A$3)+1),ROWS(D$4:D7))),"")}
A8: {=IF(ROWS(A$4:A8)<=$B$2,INDEX(data!C$3:C$16128,SMALL(IF(data!$D$3:$D$16128='Обеля'!$B$1,ROW(data!$A$3:$A$16128)-ROW($A$3)+1),ROWS(A$4:A8))),"")} -> 46027 | B8: {=IF(ROWS(B$4:B8)<=$B$2,INDEX(data!A$3:A$16128,SMALL(IF(data!$D$3:$D$16128='Обеля'!$B$1,ROW(data!$A$3:$A$16128)-ROW($A$3)+1),ROWS(B$4:B8))),"")} -> КАСОВА КНИГА | C8: {=IF(ROWS(C$4:C8)<=$B$2,INDEX(data!B$3:B$16128,SMALL(IF(data!$D$3:$D$16128='Обеля'!$B$1,ROW(data!$A$3:$A$16128)-ROW($A$3)+1),ROWS(C$4:C8))),"")} -> -4601.63 | D8: {=IF(ROWS(D$4:D8)<=$B$2,INDEX(data!E$3:E$16128,SMALL(IF(data!$D$3:$D$16128='Обеля'!$B$1,ROW(data!$A$3:$A$16128)-ROW($A$3)+1),ROWS(D$4:D8))),"")}
A9: {=IF(ROWS(A$4:A9)<=$B$2,INDEX(data!C$3:C$16128,SMALL(IF(data!$D$3:$D$16128='Обеля'!$B$1,ROW(data!$A$3:$A$16128)-ROW($A$3)+1),ROWS(A$4:A9))),"")} -> 46027 | B9: {=IF(ROWS(B$4:B9)<=$B$2,INDEX(data!A$3:A$16128,SMALL(IF(data!$D$3:$D$16128='Обеля'!$B$1,ROW(data!$A$3:$A$16128)-ROW($A$3)+1),ROWS(B$4:B9))),"")} -> MYPOS Бакалия | C9: {=IF(ROWS(C$4:C9)<=$B$2,INDEX(data!B$3:B$16128,SMALL(IF(data!$D$3:$D$16128='Обеля'!$B$1,ROW(data!$A$3:$A$16128)-ROW($A$3)+1),ROWS(C$4:C9))),"")} -> -2691.11 | D9: {=IF(ROWS(D$4:D9)<=$B$2,INDEX(data!E$3:E$16128,SMALL(IF(data!$D$3:$D$16128='Обеля'!$B$1,ROW(data!$A$3:$A$16128)-ROW($A$3)+1),ROWS(D$4:D9))),"")} -> 29-31,12
A10: {=IF(ROWS(A$4:A10)<=$B$2,INDEX(data!C$3:C$16128,SMALL(IF(data!$D$3:$D$16128='Обеля'!$B$1,ROW(data!$A$3:$A$16128)-ROW($A$3)+1),ROWS(A$4:A10))),"")} -> 46027 | B10: {=IF(ROWS(B$4:B10)<=$B$2,INDEX(data!A$3:A$16128,SMALL(IF(data!$D$3:$D$16128='Обеля'!$B$1,ROW(data!$A$3:$A$16128)-ROW($A$3)+1),ROWS(B$4:B10))),"")} -> КАСОВА КНИГА | C10: {=IF(ROWS(C$4:C10)<=$B$2,INDEX(data!B$3:B$16128,SMALL(IF(data!$D$3:$D$16128='Обеля'!$B$1,ROW(data!$A$3:$A$16128)-ROW($A$3)+1),ROWS(C$4:C10))),"")} -> 8220 | D10: {=IF(ROWS(D$4:D10)<=$B$2,INDEX(data!E$3:E$16128,SMALL(IF(data!$D$3:$D$16128='Обеля'!$B$1,ROW(data!$A$3:$A$16128)-ROW($A$3)+1),ROWS(D$4:D10))),"")} -> евро
A11: {=IF(ROWS(A$4:A11)<=$B$2,INDEX(data!C$3:C$16128,SMALL(IF(data!$D$3:$D$16128='Обеля'!$B$1,ROW(data!$A$3:$A$16128)-ROW($A$3)+1),ROWS(A$4:A11))),"")} -> 46030 | B11: {=IF(ROWS(B$4:B11)<=$B$2,INDEX(data!A$3:A$16128,SMALL(IF(data!$D$3:$D$16128='Обеля'!$B$1,ROW(data!$A$3:$A$16128)-ROW($A$3)+1),ROWS(B$4:B11))),"")} -> Каса ВАУЧЕРИ | C11: {=IF(ROWS(C$4:C11)<=$B$2,INDEX(data!B$3:B$16128,SMALL(IF(data!$D$3:$D$16128='Обеля'!$B$1,ROW(data!$A$3:$A$16128)-ROW($A$3)+1),ROWS(C$4:C11))),"")} -> -209.63 | D11: {=IF(ROWS(D$4:D11)<=$B$2,INDEX(data!E$3:E$16128,SMALL(IF(data!$D$3:$D$16128='Обеля'!$B$1,ROW(data!$A$3:$A$16128)-ROW($A$3)+1),ROWS(D$4:D11))),"")} -> за 22.12
A12: {=IF(ROWS(A$4:A12)<=$B$2,INDEX(data!C$3:C$16128,SMALL(IF(data!$D$3:$D$16128='Обеля'!$B$1,ROW(data!$A$3:$A$16128)-ROW($A$3)+1),ROWS(A$4:A12))),"")} -> 46030 | B12: {=IF(ROWS(B$4:B12)<=$B$2,INDEX(data!A$3:A$16128,SMALL(IF(data!$D$3:$D$16128='Обеля'!$B$1,ROW(data!$A$3:$A$16128)-ROW($A$3)+1),ROWS(B$4:B12))),"")} -> каса ФИКТИВНА | C12: {=IF(ROWS(C$4:C12)<=$B$2,INDEX(data!B$3:B$16128,SMALL(IF(data!$D$3:$D$16128='Обеля'!$B$1,ROW(data!$A$3:$A$16128)-ROW($A$3)+1),ROWS(C$4:C12))),"")} -> -200 | D12: {=IF(ROWS(D$4:D12)<=$B$2,INDEX(data!E$3:E$16128,SMALL(IF(data!$D$3:$D$16128='Обеля'!$B$1,ROW(data!$A$3:$A$16128)-ROW($A$3)+1),ROWS(D$4:D12))),"")} -> Нонка от премиите
A13: {=IF(ROWS(A$4:A13)<=$B$2,INDEX(data!C$3:C$16128,SMALL(IF(data!$D$3:$D$16128='Обеля'!$B$1,ROW(data!$A$3:$A$16128)-ROW($A$3)+1),ROWS(A$4:A13))),"")} -> 46031 | B13: {=IF(ROWS(B$4:B13)<=$B$2,INDEX(data!A$3:A$16128,SMALL(IF(data!$D$3:$D$16128='Обеля'!$B$1,ROW(data!$A$3:$A$16128)-ROW($A$3)+1),ROWS(B$4:B13))),"")} -> КАСОВА КНИГА | C13: {=IF(ROWS(C$4:C13)<=$B$2,INDEX(data!B$3:B$16128,SMALL(IF(data!$D$3:$D$16128='Обеля'!$B$1,ROW(data!$A$3:$A$16128)-ROW($A$3)+1),ROWS(C$4:C13))),"")} -> -1227.1 | D13: {=IF(ROWS(D$4:D13)<=$B$2,INDEX(data!E$3:E$16128,SMALL(IF(data!$D$3:$D$16128='Обеля'!$B$1,ROW(data!$A$3:$A$16128)-ROW($A$3)+1),ROWS(D$4:D13))),"")}
A14: {=IF(ROWS(A$4:A14)<=$B$2,INDEX(data!C$3:C$16128,SMALL(IF(data!$D$3:$D$16128='Обеля'!$B$1,ROW(data!$A$3:$A$16128)-ROW($A$3)+1),ROWS(A$4:A14))),"")} -> 46034 | B14: {=IF(ROWS(B$4:B14)<=$B$2,INDEX(data!A$3:A$16128,SMALL(IF(data!$D$3:$D$16128='Обеля'!$B$1,ROW(data!$A$3:$A$16128)-ROW($A$3)+1),ROWS(B$4:B14))),"")} -> КАСОВА КНИГА | C14: {=IF(ROWS(C$4:C14)<=$B$2,INDEX(data!B$3:B$16128,SMALL(IF(data!$D$3:$D$16128='Обеля'!$B$1,ROW(data!$A$3:$A$16128)-ROW($A$3)+1),ROWS(C$4:C14))),"")} -> -4590.342 | D14: {=IF(ROWS(D$4:D14)<=$B$2,INDEX(data!E$3:E$16128,SMALL(IF(data!$D$3:$D$16128='Обеля'!$B$1,ROW(data!$A$3:$A$16128)-ROW($A$3)+1),ROWS(D$4:D14))),"")}
A15: {=IF(ROWS(A$4:A15)<=$B$2,INDEX(data!C$3:C$16128,SMALL(IF(data!$D$3:$D$16128='Обеля'!$B$1,ROW(data!$A$3:$A$16128)-ROW($A$3)+1),ROWS(A$4:A15))),"")} -> 46035 | B15: {=IF(ROWS(B$4:B15)<=$B$2,INDEX(data!A$3:A$16128,SMALL(IF(data!$D$3:$D$16128='Обеля'!$B$1,ROW(data!$A$3:$A$16128)-ROW($A$3)+1),ROWS(B$4:B15))),"")} -> MYPOS Бакалия | C15: {=IF(ROWS(C$4:C15)<=$B$2,INDEX(data!B$3:B$16128,SMALL(IF(data!$D$3:$D$16128='Обеля'!$B$1,ROW(data!$A$3:$A$16128)-ROW($A$3)+1),ROWS(C$4:C15))),"")} -> -5409.22 | D15: {=IF(ROWS(D$4:D15)<=$B$2,INDEX(data!E$3:E$16128,SMALL(IF(data!$D$3:$D$16128='Обеля'!$B$1,ROW(data!$A$3:$A$16128)-ROW($A$3)+1),ROWS(D$4:D15))),"")}
... A166: {=IF(ROWS(A$4:A166)<=$B$2,INDEX(data!C$3:C$16128,SMALL(IF(data!$D$3:$D$16128='Обеля'!$B$1,ROW(data!$A$3:$A$16128)-ROW($A$3)+1),ROWS(A$4:A166))),"")} | B166: {=IF(ROWS(B$4:B166)<=$B$2,INDEX(data!A$3:A$16128,SMALL(IF(data!$D$3:$D$16128='Обеля'!$B$1,ROW(data!$A$3:$A$16128)-ROW($A$3)+1),ROWS(B$4:B166))),"")} | C166: {=IF(ROWS(C$4:C166)<=$B$2,INDEX(data!B$3:B$16128,SMALL(IF(data!$D$3:$D$16128='Обеля'!$B$1,ROW(data!$A$3:$A$16128)-ROW($A$3)+1),ROWS(C$4:C166))),"")} | D166: {=IF(ROWS(D$4:D166)<=$B$2,INDEX(data!E$3:E$16128,SMALL(IF(data!$D$3:$D$16128='Обеля'!$B$1,ROW(data!$A$3:$A$16128)-ROW($A$3)+1),ROWS(D$4:D166))),"")}

Sheet Редута
A1: Обект | B1: СМ Редута | E1: C:C | F1: =SUM(C:C) -> 25461.93 | G1: 03,01,2026/11,15ч
A2: Брой съвпадения | B2: =COUNTIF(data!D:D,B1) -> 91 | E2: Начално с-до | F2: 85864.7
A3: Дата | B3: Артикул | C3: Стойност | D3: Забележка | E3: САЛДО | F3: =F1+F2 -> 111326.63
A4: {=IF(ROWS(A$4:A4)<=$B$2,INDEX(data!C$3:C$16128,SMALL(IF(data!$D$3:$D$16128='Редута'!$B$1,ROW(data!$A$3:$A$16128)-ROW($A$3)+1),ROWS(A$4:A4))),"")} -> 44557 | B4: {=IF(ROWS(B$4:B4)<=$B$2,INDEX(data!A$3:A$16128,SMALL(IF(data!$D$3:$D$16128='Редута'!$B$1,ROW(data!$A$3:$A$16128)-ROW($A$3)+1),ROWS(B$4:B4))),"")} -> MYPOS Бакалия | C4: {=IF(ROWS(C$4:C4)<=$B$2,INDEX(data!B$3:B$16128,SMALL(IF(data!$D$3:$D$16128='Редута'!$B$1,ROW(data!$A$3:$A$16128)-ROW($A$3)+1),ROWS(C$4:C4))),"")} -> -0.01 | D4: {=IF(ROWS(D$4:D4)<=$B$2,INDEX(data!E$3:E$16128,SMALL(IF(data!$D$3:$D$16128='Редута'!$B$1,ROW(data!$A$3:$A$16128)-ROW($A$3)+1),ROWS(D$4:D4))),"")}
A5: {=IF(ROWS(A$4:A5)<=$B$2,INDEX(data!C$3:C$16128,SMALL(IF(data!$D$3:$D$16128='Редута'!$B$1,ROW(data!$A$3:$A$16128)-ROW($A$3)+1),ROWS(A$4:A5))),"")} -> 46025 | B5: {=IF(ROWS(B$4:B5)<=$B$2,INDEX(data!A$3:A$16128,SMALL(IF(data!$D$3:$D$16128='Редута'!$B$1,ROW(data!$A$3:$A$16128)-ROW($A$3)+1),ROWS(B$4:B5))),"")} -> ЗАЕМ | C5: {=IF(ROWS(C$4:C5)<=$B$2,INDEX(data!B$3:B$16128,SMALL(IF(data!$D$3:$D$16128='Редута'!$B$1,ROW(data!$A$3:$A$16128)-ROW($A$3)+1),ROWS(C$4:C5))),"")} -> 8316.86 | D5: {=IF(ROWS(D$4:D5)<=$B$2,INDEX(data!E$3:E$16128,SMALL(IF(data!$D$3:$D$16128='Редута'!$B$1,ROW(data!$A$3:$A$16128)-ROW($A$3)+1),ROWS(D$4:D5))),"")} -> Салдо скл + вътр. п-не
A6: {=IF(ROWS(A$4:A6)<=$B$2,INDEX(data!C$3:C$16128,SMALL(IF(data!$D$3:$D$16128='Редута'!$B$1,ROW(data!$A$3:$A$16128)-ROW($A$3)+1),ROWS(A$4:A6))),"")} -> 46027 | B6: {=IF(ROWS(B$4:B6)<=$B$2,INDEX(data!A$3:A$16128,SMALL(IF(data!$D$3:$D$16128='Редута'!$B$1,ROW(data!$A$3:$A$16128)-ROW($A$3)+1),ROWS(B$4:B6))),"")} -> КАСОВА КНИГА | C6: {=IF(ROWS(C$4:C6)<=$B$2,INDEX(data!B$3:B$16128,SMALL(IF(data!$D$3:$D$16128='Редута'!$B$1,ROW(data!$A$3:$A$16128)-ROW($A$3)+1),ROWS(C$4:C6))),"")} -> -1022.584 | D6: {=IF(ROWS(D$4:D6)<=$B$2,INDEX(data!E$3:E$16128,SMALL(IF(data!$D$3:$D$16128='Редута'!$B$1,ROW(data!$A$3:$A$16128)-ROW($A$3)+1),ROWS(D$4:D6))),"")} -> банка 02.01
A7: {=IF(ROWS(A$4:A7)<=$B$2,INDEX(data!C$3:C$16128,SMALL(IF(data!$D$3:$D$16128='Редута'!$B$1,ROW(data!$A$3:$A$16128)-ROW($A$3)+1),ROWS(A$4:A7))),"")} -> 46027 | B7: {=IF(ROWS(B$4:B7)<=$B$2,INDEX(data!A$3:A$16128,SMALL(IF(data!$D$3:$D$16128='Редута'!$B$1,ROW(data!$A$3:$A$16128)-ROW($A$3)+1),ROWS(B$4:B7))),"")} -> MYPOS Бакалия | C7: {=IF(ROWS(C$4:C7)<=$B$2,INDEX(data!B$3:B$16128,SMALL(IF(data!$D$3:$D$16128='Редута'!$B$1,ROW(data!$A$3:$A$16128)-ROW($A$3)+1),ROWS(C$4:C7))),"")} -> -1825.8 | D7: {=IF(ROWS(D$4:D7)<=$B$2,INDEX(data!E$3:E$16128,SMALL(IF(data!$D$3:$D$16128='Редута'!$B$1,ROW(data!$A$3:$A$16128)-ROW($A$3)+1),ROWS(D$4:D7))),"")}
A8: {=IF(ROWS(A$4:A8)<=$B$2,INDEX(data!C$3:C$16128,SMALL(IF(data!$D$3:$D$16128='Редута'!$B$1,ROW(data!$A$3:$A$16128)-ROW($A$3)+1),ROWS(A$4:A8))),"")} -> 46027 | B8: {=IF(ROWS(B$4:B8)<=$B$2,INDEX(data!A$3:A$16128,SMALL(IF(data!$D$3:$D$16128='Редута'!$B$1,ROW(data!$A$3:$A$16128)-ROW($A$3)+1),ROWS(B$4:B8))),"")} -> КАСОВА КНИГА | C8: {=IF(ROWS(C$4:C8)<=$B$2,INDEX(data!B$3:B$16128,SMALL(IF(data!$D$3:$D$16128='Редута'!$B$1,ROW(data!$A$3:$A$16128)-ROW($A$3)+1),ROWS(C$4:C8))),"")} -> -511.29 | D8: {=IF(ROWS(D$4:D8)<=$B$2,INDEX(data!E$3:E$16128,SMALL(IF(data!$D$3:$D$16128='Редута'!$B$1,ROW(data!$A$3:$A$16128)-ROW($A$3)+1),ROWS(D$4:D8))),"")}
A9: {=IF(ROWS(A$4:A9)<=$B$2,INDEX(data!C$3:C$16128,SMALL(IF(data!$D$3:$D$16128='Редута'!$B$1,ROW(data!$A$3:$A$16128)-ROW($A$3)+1),ROWS(A$4:A9))),"")} -> 46027 | B9: {=IF(ROWS(B$4:B9)<=$B$2,INDEX(data!A$3:A$16128,SMALL(IF(data!$D$3:$D$16128='Редута'!$B$1,ROW(data!$A$3:$A$16128)-ROW($A$3)+1),ROWS(B$4:B9))),"")} -> MYPOS Бакалия | C9: {=IF(ROWS(C$4:C9)<=$B$2,INDEX(data!B$3:B$16128,SMALL(IF(data!$D$3:$D$16128='Редута'!$B$1,ROW(data!$A$3:$A$16128)-ROW($A$3)+1),ROWS(C$4:C9))),"")} -> -2260.39 | D9: {=IF(ROWS(D$4:D9)<=$B$2,INDEX(data!E$3:E$16128,SMALL(IF(data!$D$3:$D$16128='Редута'!$B$1,ROW(data!$A$3:$A$16128)-ROW($A$3)+1),ROWS(D$4:D9))),"")} -> 29-31,12
A10: {=IF(ROWS(A$4:A10)<=$B$2,INDEX(data!C$3:C$16128,SMALL(IF(data!$D$3:$D$16128='Редута'!$B$1,ROW(data!$A$3:$A$16128)-ROW($A$3)+1),ROWS(A$4:A10))),"")} -> 46027 | B10: {=IF(ROWS(B$4:B10)<=$B$2,INDEX(data!A$3:A$16128,SMALL(IF(data!$D$3:$D$16128='Редута'!$B$1,ROW(data!$A$3:$A$16128)-ROW($A$3)+1),ROWS(B$4:B10))),"")} -> КАСОВА КНИГА | C10: {=IF(ROWS(C$4:C10)<=$B$2,INDEX(data!B$3:B$16128,SMALL(IF(data!$D$3:$D$16128='Редута'!$B$1,ROW(data!$A$3:$A$16128)-ROW($A$3)+1),ROWS(C$4:C10))),"")} -> 3110 | D10: {=IF(ROWS(D$4:D10)<=$B$2,INDEX(data!E$3:E$16128,SMALL(IF(data!$D$3:$D$16128='Редута'!$B$1,ROW(data!$A$3:$A$16128)-ROW($A$3)+1),ROWS(D$4:D10))),"")} -> евро
A11: {=IF(ROWS(A$4:A11)<=$B$2,INDEX(data!C$3:C$16128,SMALL(IF(data!$D$3:$D$16128='Редута'!$B$1,ROW(data!$A$3:$A$16128)-ROW($A$3)+1),ROWS(A$4:A11))),"")} -> 46028 | B11: {=IF(ROWS(B$4:B11)<=$B$2,INDEX(data!A$3:A$16128,SMALL(IF(data!$D$3:$D$16128='Редута'!$B$1,ROW(data!$A$3:$A$16128)-ROW($A$3)+1),ROWS(B$4:B11))),"")} -> каса ФИКТИВНА | C11: {=IF(ROWS(C$4:C11)<=$B$2,INDEX(data!B$3:B$16128,SMALL(IF(data!$D$3:$D$16128='Редута'!$B$1,ROW(data!$A$3:$A$16128)-ROW($A$3)+1),ROWS(C$4:C11))),"")} -> -290.9 | D11: {=IF(ROWS(D$4:D11)<=$B$2,INDEX(data!E$3:E$16128,SMALL(IF(data!$D$3:$D$16128='Редута'!$B$1,ROW(data!$A$3:$A$16128)-ROW($A$3)+1),ROWS(D$4:D11))),"")} -> Марчето от премиите
A12: {=IF(ROWS(A$4:A12)<=$B$2,INDEX(data!C$3:C$16128,SMALL(IF(data!$D$3:$D$16128='Редута'!$B$1,ROW(data!$A$3:$A$16128)-ROW($A$3)+1),ROWS(A$4:A12))),"")} -> 46030 | B12: {=IF(ROWS(B$4:B12)<=$B$2,INDEX(data!A$3:A$16128,SMALL(IF(data!$D$3:$D$16128='Редута'!$B$1,ROW(data!$A$3:$A$16128)-ROW($A$3)+1),ROWS(B$4:B12))),"")} -> Каса ВАУЧЕРИ | C12: {=IF(ROWS(C$4:C12)<=$B$2,INDEX(data!B$3:B$16128,SMALL(IF(data!$D$3:$D$16128='Редута'!$B$1,ROW(data!$A$3:$A$16128)-ROW($A$3)+1),ROWS(C$4:C12))),"")} -> -10.23 | D12: {=IF(ROWS(D$4:D12)<=$B$2,INDEX(data!E$3:E$16128,SMALL(IF(data!$D$3:$D$16128='Редута'!$B$1,ROW(data!$A$3:$A$16128)-ROW($A$3)+1),ROWS(D$4:D12))),"")} -> за 22.12
A13: {=IF(ROWS(A$4:A13)<=$B$2,INDEX(data!C$3:C$16128,SMALL(IF(data!$D$3:$D$16128='Редута'!$B$1,ROW(data!$A$3:$A$16128)-ROW($A$3)+1),ROWS(A$4:A13))),"")} -> 46034 | B13: {=IF(ROWS(B$4:B13)<=$B$2,INDEX(data!A$3:A$16128,SMALL(IF(data!$D$3:$D$16128='Редута'!$B$1,ROW(data!$A$3:$A$16128)-ROW($A$3)+1),ROWS(B$4:B13))),"")} -> КАСОВА КНИГА | C13: {=IF(ROWS(C$4:C13)<=$B$2,INDEX(data!B$3:B$16128,SMALL(IF(data!$D$3:$D$16128='Редута'!$B$1,ROW(data!$A$3:$A$16128)-ROW($A$3)+1),ROWS(C$4:C13))),"")} -> -2000 | D13: {=IF(ROWS(D$4:D13)<=$B$2,INDEX(data!E$3:E$16128,SMALL(IF(data!$D$3:$D$16128='Редута'!$B$1,ROW(data!$A$3:$A$16128)-ROW($A$3)+1),ROWS(D$4:D13))),"")}
A14: {=IF(ROWS(A$4:A14)<=$B$2,INDEX(data!C$3:C$16128,SMALL(IF(data!$D$3:$D$16128='Редута'!$B$1,ROW(data!$A$3:$A$16128)-ROW($A$3)+1),ROWS(A$4:A14))),"")} -> 46035 | B14: {=IF(ROWS(B$4:B14)<=$B$2,INDEX(data!A$3:A$16128,SMALL(IF(data!$D$3:$D$16128='Редута'!$B$1,ROW(data!$A$3:$A$16128)-ROW($A$3)+1),ROWS(B$4:B14))),"")} -> MYPOS Бакалия | C14: {=IF(ROWS(C$4:C14)<=$B$2,INDEX(data!B$3:B$16128,SMALL(IF(data!$D$3:$D$16128='Редута'!$B$1,ROW(data!$A$3:$A$16128)-ROW($A$3)+1),ROWS(C$4:C14))),"")} -> -4788.98 | D14: {=IF(ROWS(D$4:D14)<=$B$2,INDEX(data!E$3:E$16128,SMALL(IF(data!$D$3:$D$16128='Редута'!$B$1,ROW(data!$A$3:$A$16128)-ROW($A$3)+1),ROWS(D$4:D14))),"")}
A15: {=IF(ROWS(A$4:A15)<=$B$2,INDEX(data!C$3:C$16128,SMALL(IF(data!$D$3:$D$16128='Редута'!$B$1,ROW(data!$A$3:$A$16128)-ROW($A$3)+1),ROWS(A$4:A15))),"")} -> 46036 | B15: {=IF(ROWS(B$4:B15)<=$B$2,INDEX(data!A$3:A$16128,SMALL(IF(data!$D$3:$D$16128='Редута'!$B$1,ROW(data!$A$3:$A$16128)-ROW($A$3)+1),ROWS(B$4:B15))),"")} -> ПОС ДСК Бакалия | C15: {=IF(ROWS(C$4:C15)<=$B$2,INDEX(data!B$3:B$16128,SMALL(IF(data!$D$3:$D$16128='Редута'!$B$1,ROW(data!$A$3:$A$16128)-ROW($A$3)+1),ROWS(C$4:C15))),"")} -> -1501.11 | D15: {=IF(ROWS(D$4:D15)<=$B$2,INDEX(data!E$3:E$16128,SMALL(IF(data!$D$3:$D$16128='Редута'!$B$1,ROW(data!$A$3:$A$16128)-ROW($A$3)+1),ROWS(D$4:D15))),"")}
... A110: {=IF(ROWS(A$4:A110)<=$B$2,INDEX(data!C$3:C$16128,SMALL(IF(data!$D$3:$D$16128='Редута'!$B$1,ROW(data!$A$3:$A$16128)-ROW($A$3)+1),ROWS(A$4:A110))),"")} | B110: {=IF(ROWS(B$4:B110)<=$B$2,INDEX(data!A$3:A$16128,SMALL(IF(data!$D$3:$D$16128='Редута'!$B$1,ROW(data!$A$3:$A$16128)-ROW($A$3)+1),ROWS(B$4:B110))),"")} | C110: {=IF(ROWS(C$4:C110)<=$B$2,INDEX(data!B$3:B$16128,SMALL(IF(data!$D$3:$D$16128='Редута'!$B$1,ROW(data!$A$3:$A$16128)-ROW($A$3)+1),ROWS(C$4:C110))),"")} | D110: {=IF(ROWS(D$4:D110)<=$B$2,INDEX(data!E$3:E$16128,SMALL(IF(data!$D$3:$D$16128='Редута'!$B$1,ROW(data!$A$3:$A$16128)-ROW($A$3)+1),ROWS(D$4:D110))),"")}

Sheet Свобода
A1: Обект | B1: СМ Свобода | E1: C:C | F1: =SUM(C:C) -> -9519.938 | G1: 03,01,2026/11,15ч
A2: Брой съвпадения | B2: =COUNTIF(data!D:D,B1) -> 191 | E2: Начално с-до | F2: 76459.42
A3: Дата | B3: Артикул | C3: Стойност | D3: Забележка | E3: САЛДО | F3: =F1+F2 -> 66939.482
A4: {=IF(ROWS(A$4:A4)<=$B$2,INDEX(data!C$3:C$16128,SMALL(IF(data!$D$3:$D$16128='Свобода'!$B$1,ROW(data!$A$3:$A$16128)-ROW($A$3)+1),ROWS(A$4:A4))),"")} -> 44557 | B4: {=IF(ROWS(B$4:B4)<=$B$2,INDEX(data!A$3:A$16128,SMALL(IF(data!$D$3:$D$16128='Свобода'!$B$1,ROW(data!$A$3:$A$16128)-ROW($A$3)+1),ROWS(B$4:B4))),"")} -> MYPOS Бакалия | C4: {=IF(ROWS(C$4:C4)<=$B$2,INDEX(data!B$3:B$16128,SMALL(IF(data!$D$3:$D$16128='Свобода'!$B$1,ROW(data!$A$3:$A$16128)-ROW($A$3)+1),ROWS(C$4:C4))),"")} -> -0.01 | D4: {=IF(ROWS(D$4:D4)<=$B$2,INDEX(data!E$3:E$16128,SMALL(IF(data!$D$3:$D$16128='Свобода'!$B$1,ROW(data!$A$3:$A$16128)-ROW($A$3)+1),ROWS(D$4:D4))),"")}
A5: {=IF(ROWS(A$4:A5)<=$B$2,INDEX(data!C$3:C$16128,SMALL(IF(data!$D$3:$D$16128='Свобода'!$B$1,ROW(data!$A$3:$A$16128)-ROW($A$3)+1),ROWS(A$4:A5))),"")} -> 46025 | B5: {=IF(ROWS(B$4:B5)<=$B$2,INDEX(data!A$3:A$16128,SMALL(IF(data!$D$3:$D$16128='Свобода'!$B$1,ROW(data!$A$3:$A$16128)-ROW($A$3)+1),ROWS(B$4:B5))),"")} -> ЗАЕМ | C5: {=IF(ROWS(C$4:C5)<=$B$2,INDEX(data!B$3:B$16128,SMALL(IF(data!$D$3:$D$16128='Свобода'!$B$1,ROW(data!$A$3:$A$16128)-ROW($A$3)+1),ROWS(C$4:C5))),"")} -> 12250.64 | D5: {=IF(ROWS(D$4:D5)<=$B$2,INDEX(data!E$3:E$16128,SMALL(IF(data!$D$3:$D$16128='Свобода'!$B$1,ROW(data!$A$3:$A$16128)-ROW($A$3)+1),ROWS(D$4:D5))),"")} -> Салдо скл + вътр. п-не
A6: {=IF(ROWS(A$4:A6)<=$B$2,INDEX(data!C$3:C$16128,SMALL(IF(data!$D$3:$D$16128='Свобода'!$B$1,ROW(data!$A$3:$A$16128)-ROW($A$3)+1),ROWS(A$4:A6))),"")} -> 46027 | B6: {=IF(ROWS(B$4:B6)<=$B$2,INDEX(data!A$3:A$16128,SMALL(IF(data!$D$3:$D$16128='Свобода'!$B$1,ROW(data!$A$3:$A$16128)-ROW($A$3)+1),ROWS(B$4:B6))),"")} -> КАСОВА КНИГА | C6: {=IF(ROWS(C$4:C6)<=$B$2,INDEX(data!B$3:B$16128,SMALL(IF(data!$D$3:$D$16128='Свобода'!$B$1,ROW(data!$A$3:$A$16128)-ROW($A$3)+1),ROWS(C$4:C6))),"")} -> -1533.878 | D6: {=IF(ROWS(D$4:D6)<=$B$2,INDEX(data!E$3:E$16128,SMALL(IF(data!$D$3:$D$16128='Свобода'!$B$1,ROW(data!$A$3:$A$16128)-ROW($A$3)+1),ROWS(D$4:D6))),"")} -> банка 02.01
A7: {=IF(ROWS(A$4:A7)<=$B$2,INDEX(data!C$3:C$16128,SMALL(IF(data!$D$3:$D$16128='Свобода'!$B$1,ROW(data!$A$3:$A$16128)-ROW($A$3)+1),ROWS(A$4:A7))),"")} -> 46027 | B7: {=IF(ROWS(B$4:B7)<=$B$2,INDEX(data!A$3:A$16128,SMALL(IF(data!$D$3:$D$16128='Свобода'!$B$1,ROW(data!$A$3:$A$16128)-ROW($A$3)+1),ROWS(B$4:B7))),"")} -> MYPOS Бакалия | C7: {=IF(ROWS(C$4:C7)<=$B$2,INDEX(data!B$3:B$16128,SMALL(IF(data!$D$3:$D$16128='Свобода'!$B$1,ROW(data!$A$3:$A$16128)-ROW($A$3)+1),ROWS(C$4:C7))),"")} -> -1305.93 | D7: {=IF(ROWS(D$4:D7)<=$B$2,INDEX(data!E$3:E$16128,SMALL(IF(data!$D$3:$D$16128='Свобода'!$B$1,ROW(data!$A$3:$A$16128)-ROW($A$3)+1),ROWS(D$4:D7))),"")}
A8: {=IF(ROWS(A$4:A8)<=$B$2,INDEX(data!C$3:C$16128,SMALL(IF(data!$D$3:$D$16128='Свобода'!$B$1,ROW(data!$A$3:$A$16128)-ROW($A$3)+1),ROWS(A$4:A8))),"")} -> 46027 | B8: {=IF(ROWS(B$4:B8)<=$B$2,INDEX(data!A$3:A$16128,SMALL(IF(data!$D$3:$D$16128='Свобода'!$B$1,ROW(data!$A$3:$A$16128)-ROW($A$3)+1),ROWS(B$4:B8))),"")} -> MYPOS Бакалия | C8: {=IF(ROWS(C$4:C8)<=$B$2,INDEX(data!B$3:B$16128,SMALL(IF(data!$D$3:$D$16128='Свобода'!$B$1,ROW(data!$A$3:$A$16128)-ROW($A$3)+1),ROWS(C$4:C8))),"")} -> -2420.33 | D8: {=IF(ROWS(D$4:D8)<=$B$2,INDEX(data!E$3:E$16128,SMALL(IF(data!$D$3:$D$16128='Свобода'!$B$1,ROW(data!$A$3:$A$16128)-ROW($A$3)+1),ROWS(D$4:D8))),"")} -> 29-31,12
A9: {=IF(ROWS(A$4:A9)<=$B$2,INDEX(data!C$3:C$16128,SMALL(IF(data!$D$3:$D$16128='Свобода'!$B$1,ROW(data!$A$3:$A$16128)-ROW($A$3)+1),ROWS(A$4:A9))),"")} -> 46027 | B9: {=IF(ROWS(B$4:B9)<=$B$2,INDEX(data!A$3:A$16128,SMALL(IF(data!$D$3:$D$16128='Свобода'!$B$1,ROW(data!$A$3:$A$16128)-ROW($A$3)+1),ROWS(B$4:B9))),"")} -> КАСОВА КНИГА | C9: {=IF(ROWS(C$4:C9)<=$B$2,INDEX(data!B$3:B$16128,SMALL(IF(data!$D$3:$D$16128='Свобода'!$B$1,ROW(data!$A$3:$A$16128)-ROW($A$3)+1),ROWS(C$4:C9))),"")} -> 7665 | D9: {=IF(ROWS(D$4:D9)<=$B$2,INDEX(data!E$3:E$16128,SMALL(IF(data!$D$3:$D$16128='Свобода'!$B$1,ROW(data!$A$3:$A$16128)-ROW($A$3)+1),ROWS(D$4:D9))),"")} -> евро
A10: {=IF(ROWS(A$4:A10)<=$B$2,INDEX(data!C$3:C$16128,SMALL(IF(data!$D$3:$D$16128='Свобода'!$B$1,ROW(data!$A$3:$A$16128)-ROW($A$3)+1),ROWS(A$4:A10))),"")} -> 46028 | B10: {=IF(ROWS(B$4:B10)<=$B$2,INDEX(data!A$3:A$16128,SMALL(IF(data!$D$3:$D$16128='Свобода'!$B$1,ROW(data!$A$3:$A$16128)-ROW($A$3)+1),ROWS(B$4:B10))),"")} -> ДСК Бакалия | C10: {=IF(ROWS(C$4:C10)<=$B$2,INDEX(data!B$3:B$16128,SMALL(IF(data!$D$3:$D$16128='Свобода'!$B$1,ROW(data!$A$3:$A$16128)-ROW($A$3)+1),ROWS(C$4:C10))),"")} -> -3067.75 | D10: {=IF(ROWS(D$4:D10)<=$B$2,INDEX(data!E$3:E$16128,SMALL(IF(data!$D$3:$D$16128='Свобода'!$B$1,ROW(data!$A$3:$A$16128)-ROW($A$3)+1),ROWS(D$4:D10))),"")}
A11: {=IF(ROWS(A$4:A11)<=$B$2,INDEX(data!C$3:C$16128,SMALL(IF(data!$D$3:$D$16128='Свобода'!$B$1,ROW(data!$A$3:$A$16128)-ROW($A$3)+1),ROWS(A$4:A11))),"")} -> 46029 | B11: {=IF(ROWS(B$4:B11)<=$B$2,INDEX(data!A$3:A$16128,SMALL(IF(data!$D$3:$D$16128='Свобода'!$B$1,ROW(data!$A$3:$A$16128)-ROW($A$3)+1),ROWS(B$4:B11))),"")} -> КАСОВА КНИГА | C11: {=IF(ROWS(C$4:C11)<=$B$2,INDEX(data!B$3:B$16128,SMALL(IF(data!$D$3:$D$16128='Свобода'!$B$1,ROW(data!$A$3:$A$16128)-ROW($A$3)+1),ROWS(C$4:C11))),"")} -> -766.94 | D11: {=IF(ROWS(D$4:D11)<=$B$2,INDEX(data!E$3:E$16128,SMALL(IF(data!$D$3:$D$16128='Свобода'!$B$1,ROW(data!$A$3:$A$16128)-ROW($A$3)+1),ROWS(D$4:D11))),"")}
A12: {=IF(ROWS(A$4:A12)<=$B$2,INDEX(data!C$3:C$16128,SMALL(IF(data!$D$3:$D$16128='Свобода'!$B$1,ROW(data!$A$3:$A$16128)-ROW($A$3)+1),ROWS(A$4:A12))),"")} -> 46030 | B12: {=IF(ROWS(B$4:B12)<=$B$2,INDEX(data!A$3:A$16128,SMALL(IF(data!$D$3:$D$16128='Свобода'!$B$1,ROW(data!$A$3:$A$16128)-ROW($A$3)+1),ROWS(B$4:B12))),"")} -> Каса ВАУЧЕРИ | C12: {=IF(ROWS(C$4:C12)<=$B$2,INDEX(data!B$3:B$16128,SMALL(IF(data!$D$3:$D$16128='Свобода'!$B$1,ROW(data!$A$3:$A$16128)-ROW($A$3)+1),ROWS(C$4:C12))),"")} -> -267.92 | D12: {=IF(ROWS(D$4:D12)<=$B$2,INDEX(data!E$3:E$16128,SMALL(IF(data!$D$3:$D$16128='Свобода'!$B$1,ROW(data!$A$3:$A$16128)-ROW($A$3)+1),ROWS(D$4:D12))),"")} -> за 22.12
A13: {=IF(ROWS(A$4:A13)<=$B$2,INDEX(data!C$3:C$16128,SMALL(IF(data!$D$3:$D$16128='Свобода'!$B$1,ROW(data!$A$3:$A$16128)-ROW($A$3)+1),ROWS(A$4:A13))),"")} -> 46030 | B13: {=IF(ROWS(B$4:B13)<=$B$2,INDEX(data!A$3:A$16128,SMALL(IF(data!$D$3:$D$16128='Свобода'!$B$1,ROW(data!$A$3:$A$16128)-ROW($A$3)+1),ROWS(B$4:B13))),"")} -> Каса ВАУЧЕРИ | C13: {=IF(ROWS(C$4:C13)<=$B$2,INDEX(data!B$3:B$16128,SMALL(IF(data!$D$3:$D$16128='Свобода'!$B$1,ROW(data!$A$3:$A$16128)-ROW($A$3)+1),ROWS(C$4:C13))),"")} -> -97.15 | D13: {=IF(ROWS(D$4:D13)<=$B$2,INDEX(data!E$3:E$16128,SMALL(IF(data!$D$3:$D$16128='Свобода'!$B$1,ROW(data!$A$3:$A$16128)-ROW($A$3)+1),ROWS(D$4:D13))),"")} -> за 29.12
A14: {=IF(ROWS(A$4:A14)<=$B$2,INDEX(data!C$3:C$16128,SMALL(IF(data!$D$3:$D$16128='Свобода'!$B$1,ROW(data!$A$3:$A$16128)-ROW($A$3)+1),ROWS(A$4:A14))),"")} -> 46031 | B14: {=IF(ROWS(B$4:B14)<=$B$2,INDEX(data!A$3:A$16128,SMALL(IF(data!$D$3:$D$16128='Свобода'!$B$1,ROW(data!$A$3:$A$16128)-ROW($A$3)+1),ROWS(B$4:B14))),"")} -> КАСОВА КНИГА | C14: {=IF(ROWS(C$4:C14)<=$B$2,INDEX(data!B$3:B$16128,SMALL(IF(data!$D$3:$D$16128='Свобода'!$B$1,ROW(data!$A$3:$A$16128)-ROW($A$3)+1),ROWS(C$4:C14))),"")} -> -2000 | D14: {=IF(ROWS(D$4:D14)<=$B$2,INDEX(data!E$3:E$16128,SMALL(IF(data!$D$3:$D$16128='Свобода'!$B$1,ROW(data!$A$3:$A$16128)-ROW($A$3)+1),ROWS(D$4:D14))),"")}
A15: {=IF(ROWS(A$4:A15)<=$B$2,INDEX(data!C$3:C$16128,SMALL(IF(data!$D$3:$D$16128='Свобода'!$B$1,ROW(data!$A$3:$A$16128)-ROW($A$3)+1),ROWS(A$4:A15))),"")} -> 46034 | B15: {=IF(ROWS(B$4:B15)<=$B$2,INDEX(data!A$3:A$16128,SMALL(IF(data!$D$3:$D$16128='Свобода'!$B$1,ROW(data!$A$3:$A$16128)-ROW($A$3)+1),ROWS(B$4:B15))),"")} -> КАСОВА КНИГА | C15: {=IF(ROWS(C$4:C15)<=$B$2,INDEX(data!B$3:B$16128,SMALL(IF(data!$D$3:$D$16128='Свобода'!$B$1,ROW(data!$A$3:$A$16128)-ROW($A$3)+1),ROWS(C$4:C15))),"")} -> -1022.58 | D15: {=IF(ROWS(D$4:D15)<=$B$2,INDEX(data!E$3:E$16128,SMALL(IF(data!$D$3:$D$16128='Свобода'!$B$1,ROW(data!$A$3:$A$16128)-ROW($A$3)+1),ROWS(D$4:D15))),"")}
... A207: {=IF(ROWS(A$4:A207)<=$B$2,INDEX(data!C$3:C$16128,SMALL(IF(data!$D$3:$D$16128='Свобода'!$B$1,ROW(data!$A$3:$A$16128)-ROW($A$3)+1),ROWS(A$4:A207))),"")} | B207: {=IF(ROWS(B$4:B207)<=$B$2,INDEX(data!A$3:A$16128,SMALL(IF(data!$D$3:$D$16128='Свобода'!$B$1,ROW(data!$A$3:$A$16128)-ROW($A$3)+1),ROWS(B$4:B207))),"")} | C207: {=IF(ROWS(C$4:C207)<=$B$2,INDEX(data!B$3:B$16128,SMALL(IF(data!$D$3:$D$16128='Свобода'!$B$1,ROW(data!$A$3:$A$16128)-ROW($A$3)+1),ROWS(C$4:C207))),"")} | D207: {=IF(ROWS(D$4:D207)<=$B$2,INDEX(data!E$3:E$16128,SMALL(IF(data!$D$3:$D$16128='Свобода'!$B$1,ROW(data!$A$3:$A$16128)-ROW($A$3)+1),ROWS(D$4:D207))),"")}

Sheet Хали Окръжна
A1: 4 | B1: СМ Хали Окръжна | E1: C:C | F1: =SUM(C:C) -> -86569.455 | G1: 03,01,2026/11,15ч
A2: Брой съвпадения | B2: =COUNTIF(data!D:D,B1) -> 236 | E2: Начално с-до | F2: 187701.25
A3: Дата | B3: Артикул | C3: Стойност | D3: Забележка | E3: САЛДО | F3: =F1+F2 -> 101131.79
A4: {=IF(ROWS(A$4:A4)<=$B$2,INDEX(data!C$3:C$106299,SMALL(IF(data!$D$3:$D$106299=$B$1,ROW($A$2:$A$98971)-ROW($A$2)+1),ROWS(A$4:A4))),"")} -> 44557 | B4: {=IF(ROWS(B$4:B4)<=$B$2,INDEX(data!A$3:A$106299,SMALL(IF(data!$D$3:$D$106299=$B$1,ROW($A$2:$A$98971)-ROW($A$2)+1),ROWS(B$4:B4))),"")} -> MYPOS Бакалия | C4: {=IF(ROWS(C$4:C4)<=$B$2,INDEX(data!B$3:B$106299,SMALL(IF(data!$D$3:$D$106299=$B$1,ROW($A$2:$A$98971)-ROW($A$2)+1),ROWS(C$4:C4))),"")} -> -0.01 | D4: {=IF(ROWS(D$4:D4)<=$B$2,INDEX(data!E$3:E$106299,SMALL(IF(data!$D$3:$D$106299=$B$1,ROW($A$2:$A$98971)-ROW($A$2)+1),ROWS(D$4:D4))),"")}
A5: {=IF(ROWS(A$4:A5)<=$B$2,INDEX(data!C$3:C$106299,SMALL(IF(data!$D$3:$D$106299=$B$1,ROW($A$2:$A$98971)-ROW($A$2)+1),ROWS(A$4:A5))),"")} -> 46025 | B5: {=IF(ROWS(B$4:B5)<=$B$2,INDEX(data!A$3:A$106299,SMALL(IF(data!$D$3:$D$106299=$B$1,ROW($A$2:$A$98971)-ROW($A$2)+1),ROWS(B$4:B5))),"")} -> ЗАЕМ | C5: {=IF(ROWS(C$4:C5)<=$B$2,INDEX(data!B$3:B$106299,SMALL(IF(data!$D$3:$D$106299=$B$1,ROW($A$2:$A$98971)-ROW($A$2)+1),ROWS(C$4:C5))),"")} -> 30024.72 | D5: {=IF(ROWS(D$4:D5)<=$B$2,INDEX(data!E$3:E$106299,SMALL(IF(data!$D$3:$D$106299=$B$1,ROW($A$2:$A$98971)-ROW($A$2)+1),ROWS(D$4:D5))),"")} -> Салдо скл + вътр. п-не
A6: {=IF(ROWS(A$4:A6)<=$B$2,INDEX(data!C$3:C$106299,SMALL(IF(data!$D$3:$D$106299=$B$1,ROW($A$2:$A$98971)-ROW($A$2)+1),ROWS(A$4:A6))),"")} -> 46027 | B6: {=IF(ROWS(B$4:B6)<=$B$2,INDEX(data!A$3:A$106299,SMALL(IF(data!$D$3:$D$106299=$B$1,ROW($A$2:$A$98971)-ROW($A$2)+1),ROWS(B$4:B6))),"")} -> КАСОВА КНИГА | C6: {=IF(ROWS(C$4:C6)<=$B$2,INDEX(data!B$3:B$106299,SMALL(IF(data!$D$3:$D$106299=$B$1,ROW($A$2:$A$98971)-ROW($A$2)+1),ROWS(C$4:C6))),"")} -> -4090.34 | D6: {=IF(ROWS(D$4:D6)<=$B$2,INDEX(data!E$3:E$106299,SMALL(IF(data!$D$3:$D$106299=$B$1,ROW($A$2:$A$98971)-ROW($A$2)+1),ROWS(D$4:D6))),"")} -> банка 02.01
A7: {=IF(ROWS(A$4:A7)<=$B$2,INDEX(data!C$3:C$106299,SMALL(IF(data!$D$3:$D$106299=$B$1,ROW($A$2:$A$98971)-ROW($A$2)+1),ROWS(A$4:A7))),"")} -> 46027 | B7: {=IF(ROWS(B$4:B7)<=$B$2,INDEX(data!A$3:A$106299,SMALL(IF(data!$D$3:$D$106299=$B$1,ROW($A$2:$A$98971)-ROW($A$2)+1),ROWS(B$4:B7))),"")} -> MYPOS Бакалия | C7: {=IF(ROWS(C$4:C7)<=$B$2,INDEX(data!B$3:B$106299,SMALL(IF(data!$D$3:$D$106299=$B$1,ROW($A$2:$A$98971)-ROW($A$2)+1),ROWS(C$4:C7))),"")} -> -3607.1 | D7: {=IF(ROWS(D$4:D7)<=$B$2,INDEX(data!E$3:E$106299,SMALL(IF(data!$D$3:$D$106299=$B$1,ROW($A$2:$A$98971)-ROW($A$2)+1),ROWS(D$4:D7))),"")}
A8: {=IF(ROWS(A$4:A8)<=$B$2,INDEX(data!C$3:C$106299,SMALL(IF(data!$D$3:$D$106299=$B$1,ROW($A$2:$A$98971)-ROW($A$2)+1),ROWS(A$4:A8))),"")} -> 46027 | B8: {=IF(ROWS(B$4:B8)<=$B$2,INDEX(data!A$3:A$106299,SMALL(IF(data!$D$3:$D$106299=$B$1,ROW($A$2:$A$98971)-ROW($A$2)+1),ROWS(B$4:B8))),"")} -> КАСОВА КНИГА | C8: {=IF(ROWS(C$4:C8)<=$B$2,INDEX(data!B$3:B$106299,SMALL(IF(data!$D$3:$D$106299=$B$1,ROW($A$2:$A$98971)-ROW($A$2)+1),ROWS(C$4:C8))),"")} -> -5112.92 | D8: {=IF(ROWS(D$4:D8)<=$B$2,INDEX(data!E$3:E$106299,SMALL(IF(data!$D$3:$D$106299=$B$1,ROW($A$2:$A$98971)-ROW($A$2)+1),ROWS(D$4:D8))),"")}
A9: {=IF(ROWS(A$4:A9)<=$B$2,INDEX(data!C$3:C$106299,SMALL(IF(data!$D$3:$D$106299=$B$1,ROW($A$2:$A$98971)-ROW($A$2)+1),ROWS(A$4:A9))),"")} -> 46027 | B9: {=IF(ROWS(B$4:B9)<=$B$2,INDEX(data!A$3:A$106299,SMALL(IF(data!$D$3:$D$106299=$B$1,ROW($A$2:$A$98971)-ROW($A$2)+1),ROWS(B$4:B9))),"")} -> MYPOS Бакалия | C9: {=IF(ROWS(C$4:C9)<=$B$2,INDEX(data!B$3:B$106299,SMALL(IF(data!$D$3:$D$106299=$B$1,ROW($A$2:$A$98971)-ROW($A$2)+1),ROWS(C$4:C9))),"")} -> -5357.19 | D9: {=IF(ROWS(D$4:D9)<=$B$2,INDEX(data!E$3:E$106299,SMALL(IF(data!$D$3:$D$106299=$B$1,ROW($A$2:$A$98971)-ROW($A$2)+1),ROWS(D$4:D9))),"")} -> 29-31,12
A10: {=IF(ROWS(A$4:A10)<=$B$2,INDEX(data!C$3:C$106299,SMALL(IF(data!$D$3:$D$106299=$B$1,ROW($A$2:$A$98971)-ROW($A$2)+1),ROWS(A$4:A10))),"")} -> 46027 | B10: {=IF(ROWS(B$4:B10)<=$B$2,INDEX(data!A$3:A$106299,SMALL(IF(data!$D$3:$D$106299=$B$1,ROW($A$2:$A$98971)-ROW($A$2)+1),ROWS(B$4:B10))),"")} -> КАСОВА КНИГА | C10: {=IF(ROWS(C$4:C10)<=$B$2,INDEX(data!B$3:B$106299,SMALL(IF(data!$D$3:$D$106299=$B$1,ROW($A$2:$A$98971)-ROW($A$2)+1),ROWS(C$4:C10))),"")} -> 10220 | D10: {=IF(ROWS(D$4:D10)<=$B$2,INDEX(data!E$3:E$106299,SMALL(IF(data!$D$3:$D$106299=$B$1,ROW($A$2:$A$98971)-ROW($A$2)+1),ROWS(D$4:D10))),"")} -> евро
A11: {=IF(ROWS(A$4:A11)<=$B$2,INDEX(data!C$3:C$106299,SMALL(IF(data!$D$3:$D$106299=$B$1,ROW($A$2:$A$98971)-ROW($A$2)+1),ROWS(A$4:A11))),"")} -> 46028 | B11: {=IF(ROWS(B$4:B11)<=$B$2,INDEX(data!A$3:A$106299,SMALL(IF(data!$D$3:$D$106299=$B$1,ROW($A$2:$A$98971)-ROW($A$2)+1),ROWS(B$4:B11))),"")} -> КАСОВА КНИГА | C11: {=IF(ROWS(C$4:C11)<=$B$2,INDEX(data!B$3:B$106299,SMALL(IF(data!$D$3:$D$106299=$B$1,ROW($A$2:$A$98971)-ROW($A$2)+1),ROWS(C$4:C11))),"")} -> -661.77 | D11: {=IF(ROWS(D$4:D11)<=$B$2,INDEX(data!E$3:E$106299,SMALL(IF(data!$D$3:$D$106299=$B$1,ROW($A$2:$A$98971)-ROW($A$2)+1),ROWS(D$4:D11))),"")} -> платени банани
A12: {=IF(ROWS(A$4:A12)<=$B$2,INDEX(data!C$3:C$106299,SMALL(IF(data!$D$3:$D$106299=$B$1,ROW($A$2:$A$98971)-ROW($A$2)+1),ROWS(A$4:A12))),"")} -> 46029 | B12: {=IF(ROWS(B$4:B12)<=$B$2,INDEX(data!A$3:A$106299,SMALL(IF(data!$D$3:$D$106299=$B$1,ROW($A$2:$A$98971)-ROW($A$2)+1),ROWS(B$4:B12))),"")} -> КАСОВА КНИГА | C12: {=IF(ROWS(C$4:C12)<=$B$2,INDEX(data!B$3:B$106299,SMALL(IF(data!$D$3:$D$106299=$B$1,ROW($A$2:$A$98971)-ROW($A$2)+1),ROWS(C$4:C12))),"")} -> -4000 | D12: {=IF(ROWS(D$4:D12)<=$B$2,INDEX(data!E$3:E$106299,SMALL(IF(data!$D$3:$D$106299=$B$1,ROW($A$2:$A$98971)-ROW($A$2)+1),ROWS(D$4:D12))),"")}
A13: {=IF(ROWS(A$4:A13)<=$B$2,INDEX(data!C$3:C$106299,SMALL(IF(data!$D$3:$D$106299=$B$1,ROW($A$2:$A$98971)-ROW($A$2)+1),ROWS(A$4:A13))),"")} -> 46030 | B13: {=IF(ROWS(B$4:B13)<=$B$2,INDEX(data!A$3:A$106299,SMALL(IF(data!$D$3:$D$106299=$B$1,ROW($A$2:$A$98971)-ROW($A$2)+1),ROWS(B$4:B13))),"")} -> Каса ВАУЧЕРИ | C13: {=IF(ROWS(C$4:C13)<=$B$2,INDEX(data!B$3:B$106299,SMALL(IF(data!$D$3:$D$106299=$B$1,ROW($A$2:$A$98971)-ROW($A$2)+1),ROWS(C$4:C13))),"")} -> -148.27 | D13: {=IF(ROWS(D$4:D13)<=$B$2,INDEX(data!E$3:E$106299,SMALL(IF(data!$D$3:$D$106299=$B$1,ROW($A$2:$A$98971)-ROW($A$2)+1),ROWS(D$4:D13))),"")} -> за 22.12
A14: {=IF(ROWS(A$4:A14)<=$B$2,INDEX(data!C$3:C$106299,SMALL(IF(data!$D$3:$D$106299=$B$1,ROW($A$2:$A$98971)-ROW($A$2)+1),ROWS(A$4:A14))),"")} -> 46031 | B14: {=IF(ROWS(B$4:B14)<=$B$2,INDEX(data!A$3:A$106299,SMALL(IF(data!$D$3:$D$106299=$B$1,ROW($A$2:$A$98971)-ROW($A$2)+1),ROWS(B$4:B14))),"")} -> КАСОВА КНИГА | C14: {=IF(ROWS(C$4:C14)<=$B$2,INDEX(data!B$3:B$106299,SMALL(IF(data!$D$3:$D$106299=$B$1,ROW($A$2:$A$98971)-ROW($A$2)+1),ROWS(C$4:C14))),"")} -> -3000 | D14: {=IF(ROWS(D$4:D14)<=$B$2,INDEX(data!E$3:E$106299,SMALL(IF(data!$D$3:$D$106299=$B$1,ROW($A$2:$A$98971)-ROW($A$2)+1),ROWS(D$4:D14))),"")}
A15: {=IF(ROWS(A$4:A15)<=$B$2,INDEX(data!C$3:C$106299,SMALL(IF(data!$D$3:$D$106299=$B$1,ROW($A$2:$A$98971)-ROW($A$2)+1),ROWS(A$4:A15))),"")} -> 46031 | B15: {=IF(ROWS(B$4:B15)<=$B$2,INDEX(data!A$3:A$106299,SMALL(IF(data!$D$3:$D$106299=$B$1,ROW($A$2:$A$98971)-ROW($A$2)+1),ROWS(B$4:B15))),"")} -> КАСОВА КНИГА | C15: {=IF(ROWS(C$4:C15)<=$B$2,INDEX(data!B$3:B$106299,SMALL(IF(data!$D$3:$D$106299=$B$1,ROW($A$2:$A$98971)-ROW($A$2)+1),ROWS(C$4:C15))),"")} -> -661.77 | D15: {=IF(ROWS(D$4:D15)<=$B$2,INDEX(data!E$3:E$106299,SMALL(IF(data!$D$3:$D$106299=$B$1,ROW($A$2:$A$98971)-ROW($A$2)+1),ROWS(D$4:D15))),"")} -> платени банани
... A254: {=IF(ROWS(A$4:A254)<=$B$2,INDEX(data!C$3:C$106299,SMALL(IF(data!$D$3:$D$106299=$B$1,ROW($A$2:$A$98971)-ROW($A$2)+1),ROWS(A$4:A254))),"")} | B254: {=IF(ROWS(B$4:B254)<=$B$2,INDEX(data!A$3:A$106299,SMALL(IF(data!$D$3:$D$106299=$B$1,ROW($A$2:$A$98971)-ROW($A$2)+1),ROWS(B$4:B254))),"")} | C254: {=IF(ROWS(C$4:C254)<=$B$2,INDEX(data!B$3:B$106299,SMALL(IF(data!$D$3:$D$106299=$B$1,ROW($A$2:$A$98971)-ROW($A$2)+1),ROWS(C$4:C254))),"")} | D254: {=IF(ROWS(D$4:D254)<=$B$2,INDEX(data!E$3:E$106299,SMALL(IF(data!$D$3:$D$106299=$B$1,ROW($A$2:$A$98971)-ROW($A$2)+1),ROWS(D$4:D254))),"")}

Sheet data
A1: Артикул | B1: Сума | C1: Дата | D1: Обект | E1: Забележка | G1: Арс | H1: Банкя | I1: Вел | J1: Лоз | K1: Люлин | L1: Ман | M1: Над | N1: Обе | O1: Редута | P1: Сво | Q1: Окр | R1: ОБЩО
G2: ='Арсеналски'!F3 -> 80738.021 | H2: ='Банкя'!F3 -> 85590.539 | I2: ='Велчо Атанасов'!F3 -> 10244.36 | J2: ='Лозeнец'!F3 -> 43232.943 | K2: ='Люлин'!F3 -> 63056.416 | L2: ='Манастирски'!F3 -> 69250.641 | M2: ='Надежда'!F3 -> 112560.3 | N2: ='Обеля'!F3 -> 80992.721 | O2: ='Редута'!F3 -> 111326.63 | P2: ='Свобода'!F3 -> 66939.482 | Q2: ='Хали Окръжна'!F3 -> 101131.79 | R2: =SUM(G2:Q2) -> 825063.85
A3: MYPOS Бакалия | B3: -0.01 | C3: 44557 | D3: СМ Банкя
A4: MYPOS Бакалия | B4: -0.01 | C4: 44557 | D4: СМ Велчо Атанасов
A5: MYPOS Бакалия | B5: -0.01 | C5: 44557 | D5: СМ Лозенец
A6: MYPOS Бакалия | B6: -0.01 | C6: 44557 | D6: СМ Люлин
A7: MYPOS Бакалия | B7: -0.01 | C7: 44557 | D7: СМ МАНАСТИРСКИ ЛИВАДИ
A8: MYPOS Бакалия | B8: -0.01 | C8: 44557 | D8: СМ Надежда
A9: MYPOS Бакалия | B9: -0.01 | C9: 44557 | D9: СМ Обеля
A10: MYPOS Бакалия | B10: -0.01 | C10: 44557 | D10: СМ Редута
A11: MYPOS Бакалия | B11: -0.01 | C11: 44557 | D11: СМ Свобода
A12: MYPOS Бакалия | B12: -0.01 | C12: 44557 | D12: СМ Хали Окръжна
A13: MYPOS Бакалия | B13: -0.01 | C13: 44557 | D13: СМ Арсеналски
A14: ЗАЕМ | B14: 10001.16 | C14: 46025 | D14: СМ Арсеналски | E14: Салдо скл + вътр. п-не
A15: ЗАЕМ | B15: 7469.02 | C15: 46025 | D15: СМ Банкя | E15: Салдо скл + вътр. п-не
A16: ЗАЕМ | B16: 18711.61 | C16: 46025 | D16: СМ Велчо Атанасов | E16: Салдо скл + вътр. п-не
A17: ЗАЕМ | B17: 16789.63 | C17: 46025 | D17: СМ Лозенец | E17: Салдо скл + вътр. п-не
A18: ЗАЕМ | B18: 17370.17 | C18: 46025 | D18: СМ Люлин | E18: Салдо скл + вътр. п-не
A19: ЗАЕМ | B19: 7756.37 | C19: 46025 | D19: СМ МАНАСТИРСКИ ЛИВАДИ | E19: Салдо скл + вътр. п-не
A20: ЗАЕМ | B20: 13260.68 | C20: 46025 | D20: СМ Надежда | E20: Салдо скл + вътр. п-не
A21: ЗАЕМ | B21: 13325.9 | C21: 46025 | D21: СМ Обеля | E21: Салдо скл + вътр. п-не
A22: ЗАЕМ | B22: 8316.86 | C22: 46025 | D22: СМ Редута | E22: Салдо скл + вътр. п-не
A23: ЗАЕМ | B23: 12250.64 | C23: 46025 | D23: СМ Свобода | E23: Салдо скл + вътр. п-не
A24: ЗАЕМ | B24: 30024.72 | C24: 46025 | D24: СМ Хали Окръжна | E24: Салдо скл + вътр. п-не
A25: КАСОВА КНИГА | B25: -766.939 | C25: 46027 | D25: СМ Арсеналски | E25: банка 02.01
... A36: КАСОВА КНИГА | B36: -4090.34 | C36: 46027 | D36: СМ Хали Окръжна | E36: банка 02.01
A37: MYPOS Бакалия | B37: -1969.27 | C37: 46027 | D37: СМ Арсеналски
A38: КАСОВА КНИГА | B38: -511.29 | C38: 46027 | D38: СМ Арсеналски
A39: MYPOS Бакалия | B39: -1917.13 | C39: 46027 | D39: СМ Арсеналски | E39: 29-31,12
A40: КАСОВА КНИГА | B40: 5110 | C40: 46027 | D40: СМ Арсеналски | E40: евро
A41: MYPOS Бакалия | B41: -528.47 | C41: 46027 | D41: СМ Банкя
A42: MYPOS Бакалия | B42: -974.32 | C42: 46027 | D42: СМ Банкя | E42: 29-31,12
A43: КАСОВА КНИГА | B43: 3110 | C43: 46027 | D43: СМ Банкя | E43: евро
A44: MYPOS Бакалия | B44: -4604.6 | C44: 46027 | D44: СМ Велчо Атанасов
A45: КАСОВА КНИГА | B45: -1533.88 | C45: 46027 | D45: СМ Велчо Атанасов
A46: MYPOS Бакалия | B46: -5534.12 | C46: 46027 | D46: СМ Велчо Атанасов | E46: 29-31,12
A47: КАСОВА КНИГА | B47: 5110 | C47: 46027 | D47: СМ Велчо Атанасов | E47: евро
A48: MYPOS Бакалия | B48: -3973.32 | C48: 46027 | D48: СМ Лозенец
A49: КАСОВА КНИГА | B49: -1789.52 | C49: 46027 | D49: СМ Лозенец
A50: MYPOS Бакалия | B50: -5151.96 | C50: 46027 | D50: СМ Лозенец | E50: 29-31,12
A51: КАСОВА КНИГА | B51: 5665 | C51: 46027 | D51: СМ Лозенец | E51: евро
A52: MYPOS Бакалия | B52: -1896.62 | C52: 46027 | D52: СМ Люлин
A53: КАСОВА КНИГА | B53: -2556.46 | C53: 46027 | D53: СМ Люлин
A54: MYPOS Бакалия | B54: -3375.12 | C54: 46027 | D54: СМ Люлин | E54: 29-31,12
A55: КАСОВА КНИГА | B55: 7554 | C55: 46027 | D55: СМ Люлин | E55: евро
A56: MYPOS Бакалия | B56: -2263.17 | C56: 46027 | D56: СМ МАНАСТИРСКИ ЛИВАДИ
A57: КАСОВА КНИГА | B57: -1022.58 | C57: 46027 | D57: СМ МАНАСТИРСКИ ЛИВАДИ
A58: MYPOS Бакалия | B58: -1649.87 | C58: 46027 | D58: СМ МАНАСТИРСКИ ЛИВАДИ | E58: 29-31,12
A59: КАСОВА КНИГА | B59: 3110 | C59: 46027 | D59: СМ МАНАСТИРСКИ ЛИВАДИ | E59: евро
A60: MYPOS Бакалия | B60: -1530.29 | C60: 46027 | D60: СМ Надежда
A61: каса ФИКТИВНА | B61: -176.4 | C61: 46027 | D61: СМ Надежда | E61: 2 колета Милена
A62: MYPOS Бакалия | B62: -2004.8 | C62: 46027 | D62: СМ Надежда | E62: 29-31,12
A63: КАСОВА КНИГА | B63: 7665 | C63: 46027 | D63: СМ Надежда | E63: евро
A64: MYPOS Бакалия | B64: -1106.79 | C64: 46027 | D64: СМ Обеля
A65: КАСОВА КНИГА | B65: -4601.63 | C65: 46027 | D65: СМ Обеля
A66: MYPOS Бакалия | B66: -2691.11 | C66: 46027 | D66: СМ Обеля | E66: 29-31,12
A67: КАСОВА КНИГА | B67: 8220 | C67: 46027 | D67: СМ Обеля | E67: евро
A68: MYPOS Бакалия | B68: -1825.8 | C68: 46027 | D68: СМ Редута
A69: КАСОВА КНИГА | B69: -511.29 | C69: 46027 | D69: СМ Редута
A70: MYPOS Бакалия | B70: -2260.39 | C70: 46027 | D70: СМ Редута | E70: 29-31,12
A71: КАСОВА КНИГА | B71: 3110 | C71: 46027 | D71: СМ Редута | E71: евро
A72: MYPOS Бакалия | B72: -1305.93 | C72: 46027 | D72: СМ Свобода
A73: MYPOS Бакалия | B73: -2420.33 | C73: 46027 | D73: СМ Свобода | E73: 29-31,12
A74: КАСОВА КНИГА | B74: 7665 | C74: 46027 | D74: СМ Свобода | E74: евро
A75: MYPOS Бакалия | B75: -3607.1 | C75: 46027 | D75: СМ Хали Окръжна
A76: КАСОВА КНИГА | B76: -5112.92 | C76: 46027 | D76: СМ Хали Окръжна
A77: MYPOS Бакалия | B77: -5357.19 | C77: 46027 | D77: СМ Хали Окръжна | E77: 29-31,12
A78: КАСОВА КНИГА | B78: 10220 | C78: 46027 | D78: СМ Хали Окръжна | E78: евро
A79: ДСК Бакалия | B79: -1533.88 | C79: 46028 | D79: СМ Надежда
A80: ДСК Бакалия | B80: -3067.75 | C80: 46028 | D80: СМ Свобода
A81: КАСОВА КНИГА | B81: -1022.58 | C81: 46028 | D81: СМ Люлин
A82: КАСОВА КНИГА | B82: -661.77 | C82: 46028 | D82: СМ Хали Окръжна | E82: платени банани
A83: каса ФИКТИВНА | B83: -102.26 | C83: 46028 | D83: СМ Банкя | E83: Стаси от заплатата
A84: каса ФИКТИВНА | B84: -600 | C84: 46028 | D84: СМ Велчо Атанасов | E84: Ева от премиите
A85: каса ФИКТИВНА | B85: -350 | C85: 46028 | D85: СМ Лозенец | E85: Мимето от премиите
A86: каса ФИКТИВНА | B86: -200 | C86: 46028 | D86: СМ Люлин | E86: Спартак от премиите
A87: каса ФИКТИВНА | B87: -290.9 | C87: 46028 | D87: СМ Редута | E87: Марчето от премиите
A88: КАСОВА КНИГА | B88: -2000 | C88: 46029 | D88: СМ Арсеналски
A89: КАСОВА КНИГА | B89: -511.29 | C89: 46029 | D89: СМ Банкя
A90: КАСОВА КНИГА | B90: -2000 | C90: 46029 | D90: СМ Лозенец
A91: КАСОВА КНИГА | B91: -511.29 | C91: 46029 | D91: СМ Люлин
A92: КАСОВА КНИГА | B92: -1533.88 | C92: 46029 | D92: СМ Надежда
A93: КАСОВА КНИГА | B93: -766.94 | C93: 46029 | D93: СМ Свобода
A94: КАСОВА КНИГА | B94: -4000 | C94: 46029 | D94: СМ Хали Окръжна
A95: каса ФИКТИВНА | B95: -75 | C95: 46029 | D95: СМ Люлин | E95: пазар Тихомир
A96: каса ФИКТИВНА | B96: -260 | C96: 46029 | D96: СМ МАНАСТИРСКИ ЛИВАДИ | E96: Краси от премиите
A97: КАСОВА КНИГА | B97: 777 | C97: 46030 | D97: СМ Велчо Атанасов | E97: заем
A98: КАСОВА КНИГА | B98: -777 | C98: 46030 | D98: СМ Лозенец
A99: КАСОВА КНИГА | B99: -511.29 | C99: 46030 | D99: СМ Люлин
A100: Каса ВАУЧЕРИ | B100: -5.11 | C100: 46030 | D100: СМ Банкя | E100: за 22.12
A101: Каса ВАУЧЕРИ | B101: -250.53 | C101: 46030 | D101: СМ Велчо Атанасов | E101: за 22.12
A102: Каса ВАУЧЕРИ | B102: -76.69 | C102: 46030 | D102: СМ Велчо Атанасов | E102: за 29.12
A103: Каса ВАУЧЕРИ | B103: -7.16 | C103: 46030 | D103: СМ Лозенец | E103: за 22.12
A104: Каса ВАУЧЕРИ | B104: -120.15 | C104: 46030 | D104: СМ Люлин | E104: за 29.12
A105: Каса ВАУЧЕРИ | B105: -209.63 | C105: 46030 | D105: СМ Обеля | E105: за 22.12
A106: Каса ВАУЧЕРИ | B106: -10.23 | C106: 46030 | D106: СМ Редута | E106: за 22.12
A107: Каса ВАУЧЕРИ | B107: -267.92 | C107: 46030 | D107: СМ Свобода | E107: за 22.12
A108: Каса ВАУЧЕРИ | B108: -97.15 | C108: 46030 | D108: СМ Свобода | E108: за 29.12
A109: Каса ВАУЧЕРИ | B109: -148.27 | C109: 46030 | D109: СМ Хали Окръжна | E109: за 22.12
A110: каса ФИКТИВНА | B110: -99.5 | C110: 46030 | D110: СМ Люлин | E110: пазар Тихомир
...
