Workbook

Sheet Обобщение (Резюме)
A1: ВЕРИГА СУПЕРМАРКЕТИ „БАКАЛИЯ“ — ГЛАВЕН ТЪРГОВСКИ КОНТРОЛИНГ
A2: СРАВНИТЕЛЕН АНАЛИЗ НА ДОСТАВЧИЦИ: ЯСКО vs. РОЖЕН (ДЕКЕМВРИ 2025 И ЯНУАРИ 2026)
A3: Обхват: 104 позиции (Mondelez & Chipita) | 11 магазина | Мистрал ERP Централен склад (CS.FDB)
A5: 1. ДЕКЕМВРИ 2025 — СРАВНЕНИЕ НА СЦЕНАРИИ (РЕЗЮМЕ)
A6: Показател / Сценарий | B6: Покупна стойност (€ с ДДС) | C6: Брутна печалба (€ с ДДС) | D6: Търговски марж (%) | E6: Разлика спрямо Яско (€) | F6: % разлика спрямо Яско | G6: Икономически ефект / Бележка
A7: 1. Рожен — Базова ценова листа | B7: ='Декември 2025'!B3 | C7: ='Декември 2025'!C3 | D7: ='Декември 2025'!D3 | E7: ='Декември 2025'!E3 | F7: ='Декември 2025'!F3 | G7: ='Декември 2025'!G3
A8: 2. Рожен — Нето фактура (-6.8% / -4.0%) | B8: ='Декември 2025'!B4 | C8: ='Декември 2025'!C4 | D8: ='Декември 2025'!D4 | E8: ='Декември 2025'!E4 | F8: ='Декември 2025'!F4 | G8: ='Декември 2025'!G4
A9: 3. Яско — Директни цени с ДДС | B9: ='Декември 2025'!B5 | C9: ='Декември 2025'!C5 | D9: ='Декември 2025'!D5 | E9: ='Декември 2025'!E5 | F9: ='Декември 2025'!F5 | G9: ='Декември 2025'!G5
A10: Текущо отчетено в Мистрал ERP | B10: ='Декември 2025'!B6 | C10: ='Декември 2025'!C6 | D10: ='Декември 2025'!D6 | E10: ='Декември 2025'!E6 | F10: ='Декември 2025'!F6 | G10: ='Декември 2025'!G6
A12: 2. ЯНУАРИ 2026 — СРАВНЕНИЕ НА СЦЕНАРИИ (РЕЗЮМЕ)
A13: Показател / Сценарий | B13: Покупна стойност (€ с ДДС) | C13: Брутна печалба (€ с ДДС) | D13: Търговски марж (%) | E13: Разлика спрямо Яско (€) | F13: % разлика спрямо Яско | G13: Икономически ефект / Бележка
A14: 1. Рожен — Базова ценова листа | B14: ='Януари 2026'!B3 | C14: ='Януари 2026'!C3 | D14: ='Януари 2026'!D3 | E14: ='Януари 2026'!E3 | F14: ='Януари 2026'!F3 | G14: ='Януари 2026'!G3
A15: 2. Рожен — Нето фактура (-6.8% / -4.0%) | B15: ='Януари 2026'!B4 | C15: ='Януари 2026'!C4 | D15: ='Януари 2026'!D4 | E15: ='Януари 2026'!E4 | F15: ='Януари 2026'!F4 | G15: ='Януари 2026'!G4
A16: 3. Яско — Директни цени с ДДС | B16: ='Януари 2026'!B5 | C16: ='Януари 2026'!C5 | D16: ='Януари 2026'!D5 | E16: ='Януари 2026'!E5 | F16: ='Януари 2026'!F5 | G16: ='Януари 2026'!G5
A17: Текущо отчетено в Мистрал ERP | B17: ='Януари 2026'!B6 | C17: ='Януари 2026'!C6 | D17: ='Януари 2026'!D6 | E17: ='Януари 2026'!E6 | F17: ='Януари 2026'!F6 | G17: ='Януари 2026'!G6
A19: 3. ОБЩО 2 МЕСЕЦА (КУМУЛАТИВНО) — СРАВНЕНИЕ НА СЦЕНАРИИ
A20: Показател / Сценарий | B20: Покупна стойност (€ с ДДС) | C20: Брутна печалба (€ с ДДС) | D20: Търговски марж (%) | E20: Разлика спрямо Яско (€) | F20: % разлика спрямо Яско | G20: Икономически ефект / Бележка
A21: 1. Рожен — Базова ценова листа | B21: ='Обобщено по артикули'!B3 | C21: ='Обобщено по артикули'!C3 | D21: ='Обобщено по артикули'!D3 | E21: ='Обобщено по артикули'!E3 | F21: ='Обобщено по артикули'!F3 | G21: ='Обобщено по артикули'!G3
A22: 2. Рожен — Нето фактура (-6.8% / -4.0%) | B22: ='Обобщено по артикули'!B4 | C22: ='Обобщено по артикули'!C4 | D22: ='Обобщено по артикули'!D4 | E22: ='Обобщено по артикули'!E4 | F22: ='Обобщено по артикули'!F4 | G22: ='Обобщено по артикули'!G4
A23: 3. Яско — Директни цени с ДДС | B23: ='Обобщено по артикули'!B5 | C23: ='Обобщено по артикули'!C5 | D23: ='Обобщено по артикули'!D5 | E23: ='Обобщено по артикули'!E5 | F23: ='Обобщено по артикули'!F5 | G23: ='Обобщено по артикули'!G5
A24: Текущо отчетено в Мистрал ERP | B24: ='Обобщено по артикули'!B6 | C24: ='Обобщено по артикули'!C6 | D24: ='Обобщено по артикули'!D6 | E24: ='Обобщено по артикули'!E6 | F24: ='Обобщено по артикули'!F6 | G24: ='Обобщено по артикули'!G6
A26: 4. ДИНАМИКА МЕСЕЦ ПО МЕСЕЦ (ДЕКЕМВРИ vs. ЯНУАРИ vs. ОБЩО)
A27: Показател | B27: Декември 2025 (€) | C27: Януари 2026 (€) | D27: Общо 2 Месеца (€) | E27: Анализ / Темп на промяна
A28: Продадени количества (бр.) | B28: ='Декември 2025'!D105 | C28: ='Януари 2026'!D105 | D28: =B28+C28 | E28: ="Ръст Януари: " & ROUND(((C28-B28)/B28)*100, 1) & "%"
A29: Реализиран оборот с ДДС (€) | B29: ='Декември 2025'!E105 | C29: ='Януари 2026'!E105 | D29: =B29+C29 | E29: ="Дял Декември: " & ROUND((B29/D29)*100, 1) & "%"
A30: Реална себестойност ERP (€) | B30: ='Декември 2025'!F105 | C30: ='Януари 2026'!F105 | D30: =B30+C30 | E30: =""
A31: Покупна стойност Рожен Базова (€) | B31: =B7 | C31: =B14 | D31: =B21 | E31: =""
A32: Покупна стойност Рожен Нето (€) | B32: =B8 | C32: =B15 | D32: =B22 | E32: =""
A33: Покупна стойност Яско (€) | B33: =B9 | C33: =B16 | D33: =B23 | E33: =""
A34: Чиста икономия от Яско спр. Рожен Базова (€) | B34: =B7-B9 | C34: =B14-B16 | D34: =B21-B23 | E34: ="Общо спестени: " & ROUND(D34, 2) & " €"
A35: Чиста икономия от Яско спр. Рожен Нето (€) | B35: =B8-B9 | C35: =B15-B16 | D35: =B22-B23 | E35: ="Общо спестени: " & ROUND(D35, 2) & " €"
A36: Търговски марж Рожен Нето (%) | B36: =D8 | C36: =D15 | D36: =D22 | E36: =""
A37: Търговски марж Яско (%) | B37: =D9 | C37: =D16 | D37: =D23 | E37: =""
A38: Допълнителен марж от Яско (+ п.п.) | B38: =D9-D8 | C38: =D16-D15 | D38: =D23-D22 | E38: ="Среден ръст: +" & ROUND(D38*100, 2) & " п.п."
A41: 5. РАЗПРЕДЕЛЕНИЕ ПО БРАНДОВЕ (MDLZ vs. CHIPITA — ОБЩО 2 МЕСЕЦА)
A42: Бранд | B42: Общо К-во (бр) | C42: Общ Оборот (€) | D42: Себестойност Рожен Нето (€) | E42: Себестойност Яско (€) | F42: Чиста икономия от Яско (€) | G42: Марж Яско (%)
A43: MDLZ (Mondelez) | B43: =SUMIF('Обобщено по артикули'!B11:B104, "MDLZ", 'Обобщено по артикули'!F11:F104) | C43: =SUMIF('Обобщено по артикули'!B11:B104, "MDLZ", 'Обобщено по артикули'!I11:I104) | D43: =SUMIF('Обобщено по артикули'!B11:B104, "MDLZ", 'Обобщено по артикули'!N11:N104) | E43: =SUMIF('Обобщено по артикули'!B11:B104, "MDLZ", 'Обобщено по артикули'!O11:O104) | F43: =D43-E43 | G43: =(C43-E43)/C43
A44: CHIPITA | B44: =SUMIF('Обобщено по артикули'!B11:B104, "CHIPITA", 'Обобщено по артикули'!F11:F104) | C44: =SUMIF('Обобщено по артикули'!B11:B104, "CHIPITA", 'Обобщено по артикули'!I11:I104) | D44: =SUMIF('Обобщено по артикули'!B11:B104, "CHIPITA", 'Обобщено по артикули'!N11:N104) | E44: =SUMIF('Обобщено по артикули'!B11:B104, "CHIPITA", 'Обобщено по артикули'!O11:O104) | F44: =D44-E44 | G44: =(C44-E44)/C44
A45: ОБЩО | B45: =SUM(B43:B44) | C45: =SUM(C43:C44) | D45: =SUM(D43:D44) | E45: =SUM(E43:E44) | F45: =D45-E45 | G45: =(C45-E45)/C45

Sheet Декември 2025
A1: СРАВНИТЕЛЕН АНАЛИЗ НА СЦЕНАРИИ — ДЕКЕМВРИ 2025 (РЕЗЮМЕ)
A2: Показател / Сценарий | B2: Покупна стойност (€ с ДДС) | C2: Брутна печалба (€ с ДДС) | D2: Търговски марж (%) | E2: Разлика спрямо Яско (€) | F2: % разлика спрямо Яско | G2: Икономически ефект / Бележка
A3: 1. Рожен — Базова ценова листа | B3: =K105 | C3: =E105-B3 | D3: =C3/E105 | E3: =B3-B5 | F3: =IF(B3>0,(B3-B5)/B3,0) | G3: ="Яско е по-изгоден с " & ROUND(F3*100, 1) & "%"
A4: 2. Рожен — Нето фактура (-6.8% / -4.0%) | B4: =L105 | C4: =E105-B4 | D4: =C4/E105 | E4: =B4-B5 | F4: =IF(B4>0,(B4-B5)/B4,0) | G4: ="Яско е по-изгоден с " & ROUND(F4*100, 1) & "%"
A5: 3. Яско — Директни цени с ДДС | B5: =M105 | C5: =E105-B5 | D5: =C5/E105 | E5: =0.00 | F5: 0 | G5: ="0.00 € (База за сравнение)"
A6: Текущо отчетено в Мистрал ERP | B6: =F105 | C6: =G105 | D6: =C6/E105 | E6: =B6-B5 | F6: =IF(B6>0,(B6-B5)/B6,0) | G6: ="Яско спестява +" & ROUND(E6, 2) & " € спрямо реалното в ERP"
A8: ДЕТАЙЛНА СПРАВКА ПО АРТИКУЛИ — ДЕКЕМВРИ 2025 (РЕАЛНИ ПРОДАЖБИ И НОВИ ЦЕНИ НА ДОСТАВЧИЦИ)
A10: Мат. № | B10: Бранд | C10: Артикул (Ценова листа) | D10: Продадени К-во (бр) | E10: Оборот Сума с ДДС (€) | F10: Реална Себестойност ERP (€) | G10: Реална Печалба ERP (€) | H10: Рожен Ед. Цена Базова (€) | I10: Рожен Ед. Цена Нето Ф-ра (€) | J10: Яско Ед. Цена (€) | K10: Покупна Стойност Рожен Базова (€) | L10: Покупна Стойност Рожен Нето (€) | M10: Покупна Стойност Яско (€) | N10: Печалба Рожен Базова (€) | O10: Печалба Рожен Нето (€) | P10: Печалба Яско (€) | Q10: Икономия спрямо Базова Рожен (€) | R10: Икономия спрямо Нето Рожен (€) | S10: Марж Реален ERP % | T10: Марж Рожен Базова % | U10: Марж Рожен Нето % | V10: Марж Яско %
A11: 630298 | B11: MDLZ | C11: Морени 49гр. | D11: 1809 | E11: 1377.9112 | F11: 885.71093 | G11: =E11-F11 | H11: 0.614 | I11: =IF(B11="MDLZ", H11*(1-0.068), H11*(1-0.040)) | J11: 0.43 | K11: =D11*H11 | L11: =D11*I11 | M11: =D11*J11 | N11: =E11-K11 | O11: =E11-L11 | P11: =E11-M11 | Q11: =K11-M11 | R11: =L11-M11 | S11: =IF(E11>0, G11/E11, 0) | T11: =IF(E11>0, N11/E11, 0) | U11: =IF(E11>0, O11/E11, 0) | V11: =IF(E11>0, P11/E11, 0)
A12: 12459 | B12: CHIPITA | C12: 7ДЕЙC КРОАСАН КАКАО 110ГХ18 AC | D12: 619 | E12: 788.05929 | F12: 521.65577 | G12: =E12-F12 | H12: 0.84 | I12: =IF(B12="MDLZ", H12*(1-0.068), H12*(1-0.040)) | J12: 0.79 | K12: =D12*H12 | L12: =D12*I12 | M12: =D12*J12 | N12: =E12-K12 | O12: =E12-L12 | P12: =E12-M12 | Q12: =K12-M12 | R12: =L12-M12 | S12: =IF(E12>0, G12/E12, 0) | T12: =IF(E12>0, N12/E12, 0) | U12: =IF(E12>0, O12/E12, 0) | V12: =IF(E12>0, P12/E12, 0)
A13: 6701 | B13: CHIPITA | C13: 7ДЕЙС КРОАСАН КАКАО 92ГРХ20КШ | D13: 836 | E13: 765.11762 | F13: 559.17948 | G13: =E13-F13 | H13: 0.672 | I13: =IF(B13="MDLZ", H13*(1-0.068), H13*(1-0.040)) | J13: 0.59 | K13: =D13*H13 | L13: =D13*I13 | M13: =D13*J13 | N13: =E13-K13 | O13: =E13-L13 | P13: =E13-M13 | Q13: =K13-M13 | R13: =L13-M13 | S13: =IF(E13>0, G13/E13, 0) | T13: =IF(E13>0, N13/E13, 0) | U13: =IF(E13>0, O13/E13, 0) | V13: =IF(E13>0, P13/E13, 0)
A14: 16891 | B14: MDLZ | C14: Млечен 160 гр. | D14: 205 | E14: 627.84087 | F14: 433.67777 | G14: =E14-F14 | H14: 2.244 | I14: =IF(B14="MDLZ", H14*(1-0.068), H14*(1-0.040)) | J14: 1.99 | K14: =D14*H14 | L14: =D14*I14 | M14: =D14*J14 | N14: =E14-K14 | O14: =E14-L14 | P14: =E14-M14 | Q14: =K14-M14 | R14: =L14-M14 | S14: =IF(E14>0, G14/E14, 0) | T14: =IF(E14>0, N14/E14, 0) | U14: =IF(E14>0, O14/E14, 0) | V14: =IF(E14>0, P14/E14, 0)
A15: 5315 | B15: MDLZ | C15: Млечен 80 гр. | D15: 348 | E15: 532.00943 | F15: 394.25717 | G15: =E15-F15 | H15: 1.152 | I15: =IF(B15="MDLZ", H15*(1-0.068), H15*(1-0.040)) | J15: 0.85 | K15: =D15*H15 | L15: =D15*I15 | M15: =D15*J15 | N15: =E15-K15 | O15: =E15-L15 | P15: =E15-M15 | Q15: =K15-M15 | R15: =L15-M15 | S15: =IF(E15>0, G15/E15, 0) | T15: =IF(E15>0, N15/E15, 0) | U15: =IF(E15>0, O15/E15, 0) | V15: =IF(E15>0, P15/E15, 0)
A16: 13808 | B16: MDLZ | C16: Б-ти Милка Сандвич 150гр. | D16: 135 | E16: 433.51927 | F16: 321.3674 | G16: =E16-F16 | H16: 2.484 | I16: =IF(B16="MDLZ", H16*(1-0.068), H16*(1-0.040)) | J16: 1.94 | K16: =D16*H16 | L16: =D16*I16 | M16: =D16*J16 | N16: =E16-K16 | O16: =E16-L16 | P16: =E16-M16 | Q16: =K16-M16 | R16: =L16-M16 | S16: =IF(E16>0, G16/E16, 0) | T16: =IF(E16>0, N16/E16, 0) | U16: =IF(E16>0, O16/E16, 0) | V16: =IF(E16>0, P16/E16, 0)
A17: 147 | B17: MDLZ | C17: Милка шоко вафла 150гр. | D17: 129 | E17: 418.54865 | F17: 306.45813 | G17: =E17-F17 | H17: 2.484 | I17: =IF(B17="MDLZ", H17*(1-0.068), H17*(1-0.040)) | J17: 1.94 | K17: =D17*H17 | L17: =D17*I17 | M17: =D17*J17 | N17: =E17-K17 | O17: =E17-L17 | P17: =E17-M17 | Q17: =K17-M17 | R17: =L17-M17 | S17: =IF(E17>0, G17/E17, 0) | T17: =IF(E17>0, N17/E17, 0) | U17: =IF(E17>0, O17/E17, 0) | V17: =IF(E17>0, P17/E17, 0)
A18: 6703 | B18: CHIPITA | C18: 7ДЕЙС КРОАСАН КРЕМ БРЮЛЕ 92ГРХ20КШ | D18: 441 | E18: 403.6087 | F18: 293.40996 | G18: =E18-F18 | H18: 0.672 | I18: =IF(B18="MDLZ", H18*(1-0.068), H18*(1-0.040)) | J18: 0.59 | K18: =D18*H18 | L18: =D18*I18 | M18: =D18*J18 | N18: =E18-K18 | O18: =E18-L18 | P18: =E18-M18 | Q18: =K18-M18 | R18: =L18-M18 | S18: =IF(E18>0, G18/E18, 0) | T18: =IF(E18>0, N18/E18, 0) | U18: =IF(E18>0, O18/E18, 0) | V18: =IF(E18>0, P18/E18, 0)
A19: 15520 | B19: CHIPITA | C19: КРОАСАН МИЛКА ВАНИЛИЯ 50ГРХ14КШ | D19: 310 | E19: 394.6662 | F19: 280.34134 | G19: =E19-F19 | H19: 0.912 | I19: =IF(B19="MDLZ", H19*(1-0.068), H19*(1-0.040)) | J19: 0.75 | K19: =D19*H19 | L19: =D19*I19 | M19: =D19*J19 | N19: =E19-K19 | O19: =E19-L19 | P19: =E19-M19 | Q19: =K19-M19 | R19: =L19-M19 | S19: =IF(E19>0, G19/E19, 0) | T19: =IF(E19>0, N19/E19, 0) | U19: =IF(E19>0, O19/E19, 0) | V19: =IF(E19>0, P19/E19, 0)
A20: 5392 | B20: MDLZ | C20: Милка Шоко Вафла 30гр. | D20: 557 | E20: 393.00962 | F20: 284.78958 | G20: =E20-F20 | H20: 0.504 | I20: =IF(B20="MDLZ", H20*(1-0.068), H20*(1-0.040)) | J20: 0.42 | K20: =D20*H20 | L20: =D20*I20 | M20: =D20*J20 | N20: =E20-K20 | O20: =E20-L20 | P20: =E20-M20 | Q20: =K20-M20 | R20: =L20-M20 | S20: =IF(E20>0, G20/E20, 0) | T20: =IF(E20>0, N20/E20, 0) | U20: =IF(E20>0, O20/E20, 0) | V20: =IF(E20>0, P20/E20, 0)
A21: 630170 | B21: MDLZ | C21: Милка млечен 90 гр. НОВ | D21: 149 | E21: 307.54718 | F21: 250.2467 | G21: =E21-F21 | H21: 1.992 | I21: =IF(B21="MDLZ", H21*(1-0.068), H21*(1-0.040)) | J21: 1.09 | K21: =D21*H21 | L21: =D21*I21 | M21: =D21*J21 | N21: =E21-K21 | O21: =E21-L21 | P21: =E21-M21 | Q21: =K21-M21 | R21: =L21-M21 | S21: =IF(E21>0, G21/E21, 0) | T21: =IF(E21>0, N21/E21, 0) | U21: =IF(E21>0, O21/E21, 0) | V21: =IF(E21>0, P21/E21, 0)
A22: 794 | B22: MDLZ | C22: Милка Брауни 150гр. | D22: 95 | E22: 303.44151 | F22: 225.49506 | G22: =E22-F22 | H22: 2.484 | I22: =IF(B22="MDLZ", H22*(1-0.068), H22*(1-0.040)) | J22: 1.94 | K22: =D22*H22 | L22: =D22*I22 | M22: =D22*J22 | N22: =E22-K22 | O22: =E22-L22 | P22: =E22-M22 | Q22: =K22-M22 | R22: =L22-M22 | S22: =IF(E22>0, G22/E22, 0) | T22: =IF(E22>0, N22/E22, 0) | U22: =IF(E22>0, O22/E22, 0) | V22: =IF(E22>0, P22/E22, 0)
... A104: 13721 | B104: MDLZ | C104: Милка кисело мляко 100г | D104: 14 | E104: 35.718851 | F104: 20.543708 | G104: =E104-F104 | H104: 1.992 | I104: =IF(B104="MDLZ", H104*(1-0.068), H104*(1-0.040)) | J104: 1.09 | K104: =D104*H104 | L104: =D104*I104 | M104: =D104*J104 | N104: =E104-K104 | O104: =E104-L104 | P104: =E104-M104 | Q104: =K104-M104 | R104: =L104-M104 | S104: =IF(E104>0, G104/E104, 0) | T104: =IF(E104>0, N104/E104, 0) | U104: =IF(E104>0, O104/E104, 0) | V104: =IF(E104>0, P104/E104, 0)
A105: ОБЩО / TOTAL | D105: =SUM(D11:D104) | E105: =SUM(E11:E104) | F105: =SUM(F11:F104) | G105: =SUM(G11:G104) | K105: =SUM(K11:K104) | L105: =SUM(L11:L104) | M105: =SUM(M11:M104) | N105: =SUM(N11:N104) | O105: =SUM(O11:O104) | P105: =SUM(P11:P104) | Q105: =SUM(Q11:Q104) | R105: =SUM(R11:R104) | S105: =G105/E105 | T105: =N105/E105 | U105: =O105/E105 | V105: =P105/E105

Sheet Януари 2026
A1: СРАВНИТЕЛЕН АНАЛИЗ НА СЦЕНАРИИ — ЯНУАРИ 2026 (РЕЗЮМЕ)
A2: Показател / Сценарий | B2: Покупна стойност (€ с ДДС) | C2: Брутна печалба (€ с ДДС) | D2: Търговски марж (%) | E2: Разлика спрямо Яско (€) | F2: % разлика спрямо Яско | G2: Икономически ефект / Бележка
A3: 1. Рожен — Базова ценова листа | B3: =K105 | C3: =E105-B3 | D3: =C3/E105 | E3: =B3-B5 | F3: =IF(B3>0,(B3-B5)/B3,0) | G3: ="Яско е по-изгоден с " & ROUND(F3*100, 1) & "%"
A4: 2. Рожен — Нето фактура (-6.8% / -4.0%) | B4: =L105 | C4: =E105-B4 | D4: =C4/E105 | E4: =B4-B5 | F4: =IF(B4>0,(B4-B5)/B4,0) | G4: ="Яско е по-изгоден с " & ROUND(F4*100, 1) & "%"
A5: 3. Яско — Директни цени с ДДС | B5: =M105 | C5: =E105-B5 | D5: =C5/E105 | E5: =0.00 | F5: 0 | G5: ="0.00 € (База за сравнение)"
A6: Текущо отчетено в Мистрал ERP | B6: =F105 | C6: =G105 | D6: =C6/E105 | E6: =B6-B5 | F6: =IF(B6>0,(B6-B5)/B6,0) | G6: ="Яско спестява +" & ROUND(E6, 2) & " € спрямо реалното в ERP"
A8: ДЕТАЙЛНА СПРАВКА ПО АРТИКУЛИ — ЯНУАРИ 2026 (РЕАЛНИ ПРОДАЖБИ И НОВИ ЦЕНИ НА ДОСТАВЧИЦИ)
A10: Мат. № | B10: Бранд | C10: Артикул (Ценова листа) | D10: Продадени К-во (бр) | E10: Оборот Сума с ДДС (€) | F10: Реална Себестойност ERP (€) | G10: Реална Печалба ERP (€) | H10: Рожен Ед. Цена Базова (€) | I10: Рожен Ед. Цена Нето Ф-ра (€) | J10: Яско Ед. Цена (€) | K10: Покупна Стойност Рожен Базова (€) | L10: Покупна Стойност Рожен Нето (€) | M10: Покупна Стойност Яско (€) | N10: Печалба Рожен Базова (€) | O10: Печалба Рожен Нето (€) | P10: Печалба Яско (€) | Q10: Икономия спрямо Базова Рожен (€) | R10: Икономия спрямо Нето Рожен (€) | S10: Марж Реален ERP % | T10: Марж Рожен Базова % | U10: Марж Рожен Нето % | V10: Марж Яско %
A11: 630298 | B11: MDLZ | C11: Морени 49гр. | D11: 2077 | E11: 1416.19 | F11: 1033.18 | G11: =E11-F11 | H11: 0.614 | I11: =IF(B11="MDLZ", H11*(1-0.068), H11*(1-0.040)) | J11: 0.43 | K11: =D11*H11 | L11: =D11*I11 | M11: =D11*J11 | N11: =E11-K11 | O11: =E11-L11 | P11: =E11-M11 | Q11: =K11-M11 | R11: =L11-M11 | S11: =IF(E11>0, G11/E11, 0) | T11: =IF(E11>0, N11/E11, 0) | U11: =IF(E11>0, O11/E11, 0) | V11: =IF(E11>0, P11/E11, 0)
A12: 12459 | B12: CHIPITA | C12: 7ДЕЙC КРОАСАН КАКАО 110ГХ18 AC | D12: 634 | E12: 805.18 | F12: 543 | G12: =E12-F12 | H12: 0.84 | I12: =IF(B12="MDLZ", H12*(1-0.068), H12*(1-0.040)) | J12: 0.79 | K12: =D12*H12 | L12: =D12*I12 | M12: =D12*J12 | N12: =E12-K12 | O12: =E12-L12 | P12: =E12-M12 | Q12: =K12-M12 | R12: =L12-M12 | S12: =IF(E12>0, G12/E12, 0) | T12: =IF(E12>0, N12/E12, 0) | U12: =IF(E12>0, O12/E12, 0) | V12: =IF(E12>0, P12/E12, 0)
A13: 6701 | B13: CHIPITA | C13: 7ДЕЙС КРОАСАН КАКАО 92ГРХ20КШ | D13: 1123 | E13: 949.16 | F13: 700.99 | G13: =E13-F13 | H13: 0.672 | I13: =IF(B13="MDLZ", H13*(1-0.068), H13*(1-0.040)) | J13: 0.59 | K13: =D13*H13 | L13: =D13*I13 | M13: =D13*J13 | N13: =E13-K13 | O13: =E13-L13 | P13: =E13-M13 | Q13: =K13-M13 | R13: =L13-M13 | S13: =IF(E13>0, G13/E13, 0) | T13: =IF(E13>0, N13/E13, 0) | U13: =IF(E13>0, O13/E13, 0) | V13: =IF(E13>0, P13/E13, 0)
A14: 16891 | B14: MDLZ | C14: Млечен 160 гр. | D14: 262 | E14: 695.13 | F14: 523.8 | G14: =E14-F14 | H14: 2.244 | I14: =IF(B14="MDLZ", H14*(1-0.068), H14*(1-0.040)) | J14: 1.99 | K14: =D14*H14 | L14: =D14*I14 | M14: =D14*J14 | N14: =E14-K14 | O14: =E14-L14 | P14: =E14-M14 | Q14: =K14-M14 | R14: =L14-M14 | S14: =IF(E14>0, G14/E14, 0) | T14: =IF(E14>0, N14/E14, 0) | U14: =IF(E14>0, O14/E14, 0) | V14: =IF(E14>0, P14/E14, 0)
A15: 5315 | B15: MDLZ | C15: Млечен 80 гр. | D15: 388 | E15: 485.86 | F15: 392.53 | G15: =E15-F15 | H15: 1.152 | I15: =IF(B15="MDLZ", H15*(1-0.068), H15*(1-0.040)) | J15: 0.85 | K15: =D15*H15 | L15: =D15*I15 | M15: =D15*J15 | N15: =E15-K15 | O15: =E15-L15 | P15: =E15-M15 | Q15: =K15-M15 | R15: =L15-M15 | S15: =IF(E15>0, G15/E15, 0) | T15: =IF(E15>0, N15/E15, 0) | U15: =IF(E15>0, O15/E15, 0) | V15: =IF(E15>0, P15/E15, 0)
A16: 13808 | B16: MDLZ | C16: Б-ти Милка Сандвич 150гр. | D16: 120 | E16: 416.4 | F16: 285.36 | G16: =E16-F16 | H16: 2.484 | I16: =IF(B16="MDLZ", H16*(1-0.068), H16*(1-0.040)) | J16: 1.94 | K16: =D16*H16 | L16: =D16*I16 | M16: =D16*J16 | N16: =E16-K16 | O16: =E16-L16 | P16: =E16-M16 | Q16: =K16-M16 | R16: =L16-M16 | S16: =IF(E16>0, G16/E16, 0) | T16: =IF(E16>0, N16/E16, 0) | U16: =IF(E16>0, O16/E16, 0) | V16: =IF(E16>0, P16/E16, 0)
A17: 147 | B17: MDLZ | C17: Милка шоко вафла 150гр. | D17: 78 | E17: 270.66 | F17: 182.74 | G17: =E17-F17 | H17: 2.484 | I17: =IF(B17="MDLZ", H17*(1-0.068), H17*(1-0.040)) | J17: 1.94 | K17: =D17*H17 | L17: =D17*I17 | M17: =D17*J17 | N17: =E17-K17 | O17: =E17-L17 | P17: =E17-M17 | Q17: =K17-M17 | R17: =L17-M17 | S17: =IF(E17>0, G17/E17, 0) | T17: =IF(E17>0, N17/E17, 0) | U17: =IF(E17>0, O17/E17, 0) | V17: =IF(E17>0, P17/E17, 0)
A18: 6703 | B18: CHIPITA | C18: 7ДЕЙС КРОАСАН КРЕМ БРЮЛЕ 92ГРХ20КШ | D18: 648 | E18: 552.9 | F18: 406.73 | G18: =E18-F18 | H18: 0.672 | I18: =IF(B18="MDLZ", H18*(1-0.068), H18*(1-0.040)) | J18: 0.59 | K18: =D18*H18 | L18: =D18*I18 | M18: =D18*J18 | N18: =E18-K18 | O18: =E18-L18 | P18: =E18-M18 | Q18: =K18-M18 | R18: =L18-M18 | S18: =IF(E18>0, G18/E18, 0) | T18: =IF(E18>0, N18/E18, 0) | U18: =IF(E18>0, O18/E18, 0) | V18: =IF(E18>0, P18/E18, 0)
A19: 15520 | B19: CHIPITA | C19: КРОАСАН МИЛКА ВАНИЛИЯ 50ГРХ14КШ | D19: 570 | E19: 723.9 | F19: 518.7 | G19: =E19-F19 | H19: 0.912 | I19: =IF(B19="MDLZ", H19*(1-0.068), H19*(1-0.040)) | J19: 0.75 | K19: =D19*H19 | L19: =D19*I19 | M19: =D19*J19 | N19: =E19-K19 | O19: =E19-L19 | P19: =E19-M19 | Q19: =K19-M19 | R19: =L19-M19 | S19: =IF(E19>0, G19/E19, 0) | T19: =IF(E19>0, N19/E19, 0) | U19: =IF(E19>0, O19/E19, 0) | V19: =IF(E19>0, P19/E19, 0)
A20: 5392 | B20: MDLZ | C20: Милка Шоко Вафла 30гр. | D20: 591 | E20: 419.61 | F20: 301.41 | G20: =E20-F20 | H20: 0.504 | I20: =IF(B20="MDLZ", H20*(1-0.068), H20*(1-0.040)) | J20: 0.42 | K20: =D20*H20 | L20: =D20*I20 | M20: =D20*J20 | N20: =E20-K20 | O20: =E20-L20 | P20: =E20-M20 | Q20: =K20-M20 | R20: =L20-M20 | S20: =IF(E20>0, G20/E20, 0) | T20: =IF(E20>0, N20/E20, 0) | U20: =IF(E20>0, O20/E20, 0) | V20: =IF(E20>0, P20/E20, 0)
A21: 630170 | B21: MDLZ | C21: Милка млечен 90 гр. НОВ | D21: 164 | E21: 332.32 | F21: 261.4 | G21: =E21-F21 | H21: 1.992 | I21: =IF(B21="MDLZ", H21*(1-0.068), H21*(1-0.040)) | J21: 1.09 | K21: =D21*H21 | L21: =D21*I21 | M21: =D21*J21 | N21: =E21-K21 | O21: =E21-L21 | P21: =E21-M21 | Q21: =K21-M21 | R21: =L21-M21 | S21: =IF(E21>0, G21/E21, 0) | T21: =IF(E21>0, N21/E21, 0) | U21: =IF(E21>0, O21/E21, 0) | V21: =IF(E21>0, P21/E21, 0)
A22: 794 | B22: MDLZ | C22: Милка Брауни 150гр. | D22: 100 | E22: 347 | F22: 241.16 | G22: =E22-F22 | H22: 2.484 | I22: =IF(B22="MDLZ", H22*(1-0.068), H22*(1-0.040)) | J22: 1.94 | K22: =D22*H22 | L22: =D22*I22 | M22: =D22*J22 | N22: =E22-K22 | O22: =E22-L22 | P22: =E22-M22 | Q22: =K22-M22 | R22: =L22-M22 | S22: =IF(E22>0, G22/E22, 0) | T22: =IF(E22>0, N22/E22, 0) | U22: =IF(E22>0, O22/E22, 0) | V22: =IF(E22>0, P22/E22, 0)
... A104: 13721 | B104: MDLZ | C104: Милка кисело мляко 100г | D104: 13 | E104: 33.15 | F104: 21.95 | G104: =E104-F104 | H104: 1.992 | I104: =IF(B104="MDLZ", H104*(1-0.068), H104*(1-0.040)) | J104: 1.09 | K104: =D104*H104 | L104: =D104*I104 | M104: =D104*J104 | N104: =E104-K104 | O104: =E104-L104 | P104: =E104-M104 | Q104: =K104-M104 | R104: =L104-M104 | S104: =IF(E104>0, G104/E104, 0) | T104: =IF(E104>0, N104/E104, 0) | U104: =IF(E104>0, O104/E104, 0) | V104: =IF(E104>0, P104/E104, 0)
A105: ОБЩО / TOTAL | D105: =SUM(D11:D104) | E105: =SUM(E11:E104) | F105: =SUM(F11:F104) | G105: =SUM(G11:G104) | K105: =SUM(K11:K104) | L105: =SUM(L11:L104) | M105: =SUM(M11:M104) | N105: =SUM(N11:N104) | O105: =SUM(O11:O104) | P105: =SUM(P11:P104) | Q105: =SUM(Q11:Q104) | R105: =SUM(R11:R104) | S105: =G105/E105 | T105: =N105/E105 | U105: =O105/E105 | V105: =P105/E105

Sheet Обобщено по артикули
A1: СРАВНИТЕЛЕН АНАЛИЗ НА СЦЕНАРИИ — ОБЩО 2 МЕСЕЦА КУМУЛАТИВНО (РЕЗЮМЕ)
A2: Показател / Сценарий | B2: Покупна стойност (€ с ДДС) | C2: Брутна печалба (€ с ДДС) | D2: Търговски марж (%) | E2: Разлика спрямо Яско (€) | F2: % разлика спрямо Яско | G2: Икономически ефект / Бележка
A3: 1. Рожен — Базова ценова листа | B3: =M105 | C3: =I105-B3 | D3: =C3/I105 | E3: =B3-B5 | F3: =IF(B3>0,(B3-B5)/B3,0) | G3: ="Яско е по-изгоден с " & ROUND(F3*100, 1) & "%"
A4: 2. Рожен — Нето фактура (-6.8% / -4.0%) | B4: =N105 | C4: =I105-B4 | D4: =C4/I105 | E4: =B4-B5 | F4: =IF(B4>0,(B4-B5)/B4,0) | G4: ="Яско е по-изгоден с " & ROUND(F4*100, 1) & "%"
A5: 3. Яско — Директни цени с ДДС | B5: =O105 | C5: =I105-B5 | D5: =C5/I105 | E5: =0.00 | F5: 0 | G5: ="0.00 € (База за сравнение)"
A6: Текущо отчетено в Мистрал ERP | B6: ='Декември 2025'!B6+'Януари 2026'!B6 | C6: ='Декември 2025'!C6+'Януари 2026'!C6 | D6: =C6/I105 | E6: =B6-B5 | F6: =IF(B6>0,(B6-B5)/B6,0) | G6: ="Яско спестява общо +" & ROUND(E6, 2) & " € спрямо реалното в ERP"
A8: КУМУЛАТИВНА СПРАВКА ПО АРТИКУЛИ (2 МЕСЕЦА: ДЕКЕМВРИ 2025 И ЯНУАРИ 2026)
A10: Мат. № | B10: Бранд | C10: Артикул (Ценова листа) | D10: К-во Дек (бр) | E10: К-во Ян (бр) | F10: ОБЩО К-во (бр) | G10: Оборот Дек (€) | H10: Оборот Ян (€) | I10: ОБЩ Оборот с ДДС (€) | J10: Рожен Ед. Базова (€) | K10: Рожен Ед. Нето (€) | L10: Яско Ед. (€) | M10: Общо Рожен Базова (€) | N10: Общо Рожен Нето (€) | O10: Общо Яско (€) | P10: ЧИСТА ИКОНОМИЯ ЯСКО (€) | Q10: Марж Рожен Нето % | R10: Марж Яско %
A11: 630298 | B11: MDLZ | C11: Морени 49гр. | D11: ='Декември 2025'!D11 | E11: ='Януари 2026'!D11 | F11: =D11+E11 | G11: ='Декември 2025'!E11 | H11: ='Януари 2026'!E11 | I11: =G11+H11 | J11: ='Декември 2025'!H11 | K11: ='Декември 2025'!I11 | L11: ='Декември 2025'!J11 | M11: =F11*J11 | N11: =F11*K11 | O11: =F11*L11 | P11: =N11-O11 | Q11: =IF(I11>0, (I11-N11)/I11, 0) | R11: =IF(I11>0, (I11-O11)/I11, 0)
A12: 12459 | B12: CHIPITA | C12: 7ДЕЙC КРОАСАН КАКАО 110ГХ18 AC | D12: ='Декември 2025'!D12 | E12: ='Януари 2026'!D12 | F12: =D12+E12 | G12: ='Декември 2025'!E12 | H12: ='Януари 2026'!E12 | I12: =G12+H12 | J12: ='Декември 2025'!H12 | K12: ='Декември 2025'!I12 | L12: ='Декември 2025'!J12 | M12: =F12*J12 | N12: =F12*K12 | O12: =F12*L12 | P12: =N12-O12 | Q12: =IF(I12>0, (I12-N12)/I12, 0) | R12: =IF(I12>0, (I12-O12)/I12, 0)
A13: 6701 | B13: CHIPITA | C13: 7ДЕЙС КРОАСАН КАКАО 92ГРХ20КШ | D13: ='Декември 2025'!D13 | E13: ='Януари 2026'!D13 | F13: =D13+E13 | G13: ='Декември 2025'!E13 | H13: ='Януари 2026'!E13 | I13: =G13+H13 | J13: ='Декември 2025'!H13 | K13: ='Декември 2025'!I13 | L13: ='Декември 2025'!J13 | M13: =F13*J13 | N13: =F13*K13 | O13: =F13*L13 | P13: =N13-O13 | Q13: =IF(I13>0, (I13-N13)/I13, 0) | R13: =IF(I13>0, (I13-O13)/I13, 0)
A14: 16891 | B14: MDLZ | C14: Млечен 160 гр. | D14: ='Декември 2025'!D14 | E14: ='Януари 2026'!D14 | F14: =D14+E14 | G14: ='Декември 2025'!E14 | H14: ='Януари 2026'!E14 | I14: =G14+H14 | J14: ='Декември 2025'!H14 | K14: ='Декември 2025'!I14 | L14: ='Декември 2025'!J14 | M14: =F14*J14 | N14: =F14*K14 | O14: =F14*L14 | P14: =N14-O14 | Q14: =IF(I14>0, (I14-N14)/I14, 0) | R14: =IF(I14>0, (I14-O14)/I14, 0)
A15: 5315 | B15: MDLZ | C15: Млечен 80 гр. | D15: ='Декември 2025'!D15 | E15: ='Януари 2026'!D15 | F15: =D15+E15 | G15: ='Декември 2025'!E15 | H15: ='Януари 2026'!E15 | I15: =G15+H15 | J15: ='Декември 2025'!H15 | K15: ='Декември 2025'!I15 | L15: ='Декември 2025'!J15 | M15: =F15*J15 | N15: =F15*K15 | O15: =F15*L15 | P15: =N15-O15 | Q15: =IF(I15>0, (I15-N15)/I15, 0) | R15: =IF(I15>0, (I15-O15)/I15, 0)
A16: 13808 | B16: MDLZ | C16: Б-ти Милка Сандвич 150гр. | D16: ='Декември 2025'!D16 | E16: ='Януари 2026'!D16 | F16: =D16+E16 | G16: ='Декември 2025'!E16 | H16: ='Януари 2026'!E16 | I16: =G16+H16 | J16: ='Декември 2025'!H16 | K16: ='Декември 2025'!I16 | L16: ='Декември 2025'!J16 | M16: =F16*J16 | N16: =F16*K16 | O16: =F16*L16 | P16: =N16-O16 | Q16: =IF(I16>0, (I16-N16)/I16, 0) | R16: =IF(I16>0, (I16-O16)/I16, 0)
A17: 147 | B17: MDLZ | C17: Милка шоко вафла 150гр. | D17: ='Декември 2025'!D17 | E17: ='Януари 2026'!D17 | F17: =D17+E17 | G17: ='Декември 2025'!E17 | H17: ='Януари 2026'!E17 | I17: =G17+H17 | J17: ='Декември 2025'!H17 | K17: ='Декември 2025'!I17 | L17: ='Декември 2025'!J17 | M17: =F17*J17 | N17: =F17*K17 | O17: =F17*L17 | P17: =N17-O17 | Q17: =IF(I17>0, (I17-N17)/I17, 0) | R17: =IF(I17>0, (I17-O17)/I17, 0)
A18: 6703 | B18: CHIPITA | C18: 7ДЕЙС КРОАСАН КРЕМ БРЮЛЕ 92ГРХ20КШ | D18: ='Декември 2025'!D18 | E18: ='Януари 2026'!D18 | F18: =D18+E18 | G18: ='Декември 2025'!E18 | H18: ='Януари 2026'!E18 | I18: =G18+H18 | J18: ='Декември 2025'!H18 | K18: ='Декември 2025'!I18 | L18: ='Декември 2025'!J18 | M18: =F18*J18 | N18: =F18*K18 | O18: =F18*L18 | P18: =N18-O18 | Q18: =IF(I18>0, (I18-N18)/I18, 0) | R18: =IF(I18>0, (I18-O18)/I18, 0)
A19: 15520 | B19: CHIPITA | C19: КРОАСАН МИЛКА ВАНИЛИЯ 50ГРХ14КШ | D19: ='Декември 2025'!D19 | E19: ='Януари 2026'!D19 | F19: =D19+E19 | G19: ='Декември 2025'!E19 | H19: ='Януари 2026'!E19 | I19: =G19+H19 | J19: ='Декември 2025'!H19 | K19: ='Декември 2025'!I19 | L19: ='Декември 2025'!J19 | M19: =F19*J19 | N19: =F19*K19 | O19: =F19*L19 | P19: =N19-O19 | Q19: =IF(I19>0, (I19-N19)/I19, 0) | R19: =IF(I19>0, (I19-O19)/I19, 0)
A20: 5392 | B20: MDLZ | C20: Милка Шоко Вафла 30гр. | D20: ='Декември 2025'!D20 | E20: ='Януари 2026'!D20 | F20: =D20+E20 | G20: ='Декември 2025'!E20 | H20: ='Януари 2026'!E20 | I20: =G20+H20 | J20: ='Декември 2025'!H20 | K20: ='Декември 2025'!I20 | L20: ='Декември 2025'!J20 | M20: =F20*J20 | N20: =F20*K20 | O20: =F20*L20 | P20: =N20-O20 | Q20: =IF(I20>0, (I20-N20)/I20, 0) | R20: =IF(I20>0, (I20-O20)/I20, 0)
A21: 630170 | B21: MDLZ | C21: Милка млечен 90 гр. НОВ | D21: ='Декември 2025'!D21 | E21: ='Януари 2026'!D21 | F21: =D21+E21 | G21: ='Декември 2025'!E21 | H21: ='Януари 2026'!E21 | I21: =G21+H21 | J21: ='Декември 2025'!H21 | K21: ='Декември 2025'!I21 | L21: ='Декември 2025'!J21 | M21: =F21*J21 | N21: =F21*K21 | O21: =F21*L21 | P21: =N21-O21 | Q21: =IF(I21>0, (I21-N21)/I21, 0) | R21: =IF(I21>0, (I21-O21)/I21, 0)
A22: 794 | B22: MDLZ | C22: Милка Брауни 150гр. | D22: ='Декември 2025'!D22 | E22: ='Януари 2026'!D22 | F22: =D22+E22 | G22: ='Декември 2025'!E22 | H22: ='Януари 2026'!E22 | I22: =G22+H22 | J22: ='Декември 2025'!H22 | K22: ='Декември 2025'!I22 | L22: ='Декември 2025'!J22 | M22: =F22*J22 | N22: =F22*K22 | O22: =F22*L22 | P22: =N22-O22 | Q22: =IF(I22>0, (I22-N22)/I22, 0) | R22: =IF(I22>0, (I22-O22)/I22, 0)
... A104: 13721 | B104: MDLZ | C104: Милка кисело мляко 100г | D104: ='Декември 2025'!D104 | E104: ='Януари 2026'!D104 | F104: =D104+E104 | G104: ='Декември 2025'!E104 | H104: ='Януари 2026'!E104 | I104: =G104+H104 | J104: ='Декември 2025'!H104 | K104: ='Декември 2025'!I104 | L104: ='Декември 2025'!J104 | M104: =F104*J104 | N104: =F104*K104 | O104: =F104*L104 | P104: =N104-O104 | Q104: =IF(I104>0, (I104-N104)/I104, 0) | R104: =IF(I104>0, (I104-O104)/I104, 0)
A105: ОБЩО / TOTAL | D105: =SUM(D11:D104) | E105: =SUM(E11:E104) | F105: =SUM(F11:F104) | G105: =SUM(G11:G104) | H105: =SUM(H11:H104) | I105: =SUM(I11:I104) | M105: =SUM(M11:M104) | N105: =SUM(N11:N104) | O105: =SUM(O11:O104) | P105: =SUM(P11:P104) | Q105: =(I105-N105)/I105 | R105: =(I105-O105)/I105

Sheet Сравнение по обекти
A1: СРАВНИТЕЛЕН АНАЛИЗ ПО ТЪРГОВСКИ ОБЕКТИ (11 МАГАЗИНА) — ДЕКЕМВРИ 2025 vs. ЯНУАРИ 2026 vs. ОБЩО
A3: Магазин / Обект | B3: К-во Дек (бр) | C3: К-во Ян (бр) | D3: ОБЩО К-во (бр) | E3: Оборот Дек (€) | F3: Оборот Ян (€) | G3: ОБЩ Оборот (€) | H3: Рожен Нето Дек (€) | I3: Рожен Нето Ян (€) | J3: ОБЩО Рожен Нето (€) | K3: Яско Дек (€) | L3: Яско Ян (€) | M3: ОБЩО Яско (€) | N3: Икономия Дек (€) | O3: Икономия Ян (€) | P3: ОБЩА ИКОНОМИЯ (€) | Q3: Марж Яско 2м (%)
A4: ХАЛИ ОКРЪЖНА | B4: 2848 | C4: 3605 | D4: =B4+C4 | E4: 3660.1341 | F4: 4408.62 | G4: =E4+F4 | H4: 2689.8084 | I4: 3317.1431 | J4: =H4+I4 | K4: 2183 | L4: 2700.49 | M4: =K4+L4 | N4: =H4-K4 | O4: =I4-L4 | P4: =J4-M4 | Q4: =IF(G4>0, (G4-M4)/G4, 0)
A5: НАДЕЖДА | B5: 1644 | C5: 1638 | D5: =B5+C5 | E5: 2192.1691 | F5: 2099.66 | G5: =E5+F5 | H5: 1619.2853 | I5: 1601.8602 | J5: =H5+I5 | K5: 1307.1 | L5: 1297.94 | M5: =K5+L5 | N5: =H5-K5 | O5: =I5-L5 | P5: =J5-M5 | Q5: =IF(G5>0, (G5-M5)/G5, 0)
A6: ЛОЗЕНЕЦ | B6: 1407 | C6: 1536 | D6: =B6+C6 | E6: 2057.1829 | F6: 1977.46 | G6: =E6+F6 | H6: 1516.6713 | I6: 1472.174 | J6: =H6+I6 | K6: 1208.64 | L6: 1205.64 | M6: =K6+L6 | N6: =H6-K6 | O6: =I6-L6 | P6: =J6-M6 | Q6: =IF(G6>0, (G6-M6)/G6, 0)
A7: ВЕЛЧО АТАНАСОВ | B7: 1371 | C7: 1645 | D7: =B7+C7 | E7: 2037.3857 | F7: 2299.36 | G7: =E7+F7 | H7: 1473.2796 | I7: 1738.4194 | J7: =H7+I7 | K7: 1198.6 | L7: 1404.4 | M7: =K7+L7 | N7: =H7-K7 | O7: =I7-L7 | P7: =J7-M7 | Q7: =IF(G7>0, (G7-M7)/G7, 0)
A8: АРСЕНАЛСКИ | B8: 1429 | C8: 1844 | D8: =B8+C8 | E8: 1786.735 | F8: 2128.3 | G8: =E8+F8 | H8: 1239.8913 | I8: 1541.821 | J8: =H8+I8 | K8: 1061.35 | L8: 1299.78 | M8: =K8+L8 | N8: =H8-K8 | O8: =I8-L8 | P8: =J8-M8 | Q8: =IF(G8>0, (G8-M8)/G8, 0)
A9: ЛЮЛИН7 | B9: 1140 | C9: 1381 | D9: =B9+C9 | E9: 1651.5035 | F9: 1778.95 | G9: =E9+F9 | H9: 1191.0933 | I9: 1296.287 | J9: =H9+I9 | K9: 982.08 | L9: 1090.88 | M9: =K9+L9 | N9: =H9-K9 | O9: =I9-L9 | P9: =J9-M9 | Q9: =IF(G9>0, (G9-M9)/G9, 0)
A10: ОБЕЛЯ2 | B10: 1225 | C10: 1372 | D10: =B10+C10 | E10: 1582.8932 | F10: 1730.76 | G10: =E10+F10 | H10: 1161.4583 | I10: 1294.5637 | J10: =H10+I10 | K10: 943.38 | L10: 1072.12 | M10: =K10+L10 | N10: =H10-K10 | O10: =I10-L10 | P10: =J10-M10 | Q10: =IF(G10>0, (G10-M10)/G10, 0)
A11: МАНАСТИРСКИ ЛИВАДИ | B11: 1026 | C11: 1022 | D11: =B11+C11 | E11: 1408.2206 | F11: 1310.24 | G11: =E11+F11 | H11: 1022.3172 | I11: 974.45077 | J11: =H11+I11 | K11: 839.02 | L11: 789.83 | M11: =K11+L11 | N11: =H11-K11 | O11: =I11-L11 | P11: =J11-M11 | Q11: =IF(G11>0, (G11-M11)/G11, 0)
A12: СВОБОДА | B12: 808 | C12: 1024 | D12: =B12+C12 | E12: 1300.5169 | F12: 1513.07 | G12: =E12+F12 | H12: 955.80284 | I12: 1146.1506 | J12: =H12+I12 | K12: 755.45 | L12: 925.4 | M12: =K12+L12 | N12: =H12-K12 | O12: =I12-L12 | P12: =J12-M12 | Q12: =IF(G12>0, (G12-M12)/G12, 0)
A13: БАНКЯ | B13: 728 | C13: 714 | D13: =B13+C13 | E13: 978.12182 | F13: 976.45 | G13: =E13+F13 | H13: 708.6079 | I13: 723.6407 | J13: =H13+I13 | K13: 577.06 | L13: 588.13 | M13: =K13+L13 | N13: =H13-K13 | O13: =I13-L13 | P13: =J13-M13 | Q13: =IF(G13>0, (G13-M13)/G13, 0)
A14: РЕДУТА | B14: 449 | C14: 645 | D14: =B14+C14 | E14: 760.54156 | F14: 933.87 | G14: =E14+F14 | H14: 555.4134 | I14: 692.65458 | J14: =H14+I14 | K14: 450.5 | L14: 575.8 | M14: =K14+L14 | N14: =H14-K14 | O14: =I14-L14 | P14: =J14-M14 | Q14: =IF(G14>0, (G14-M14)/G14, 0)
A15: ОБЩО / TOTAL | B15: =SUM(B4:B14) | C15: =SUM(C4:C14) | D15: =SUM(D4:D14) | E15: =SUM(E4:E14) | F15: =SUM(F4:F14) | G15: =SUM(G4:G14) | H15: =SUM(H4:H14) | I15: =SUM(I4:I14) | ... P15: =SUM(P4:P14) | Q15: =(G15-M15)/G15
